Id,order_id,sku,product_id,brand_id,category_id,cost,sale_price,profitability,demand_average,average_time_sale,supplier_id,entry_date,sold_date
1,2,748578980,1,32,10,2888863,5588840,2699977,0.1217,5.552,13,9/23/2022,9/6/2022
2,6,520743798,2,11,30,3756752,7237829,3481077,0.6446,2.928,1,9/26/2022,9/19/2022
3,11,725326838,3,4,23,3672846,7078407,3405561,0.0673,2.872,4,9/25/2022,9/14/2022
4,1,475761046,4,46,9,3322828,6413373,3090545,0.7478,2.929,10,9/15/2022,9/6/2022
5,10,113239697,5,46,10,1611387,3161635,1550248,0.519,7.258,3,9/17/2022,9/28/2022
6,20,957190580,6,9,9,836186,1688753,852567,0.5084,0.783,2,9/21/2022,9/29/2022
7,9,803659307,7,40,1,2116451,4121257,2004806,0.061,5.463,5,9/14/2022,9/27/2022
8,8,339089594,8,13,6,453161,961006,507845,0.0613,2.205,2,9/20/2022,9/27/2022
9,8,903235697,9,21,2,2990857,5782628,2791771,0.0324,9.393,5,9/10/2022,9/4/2022
10,4,365498316,10,5,6,1063105,2119900,1056795,0.2351,9.486,2,9/14/2022,9/20/2022
11,19,682824658,11,41,2,900614,1811167,910553,0.6685,7.773,11,9/17/2022,9/22/2022
12,12,487132116,12,27,4,1580982,3103866,1522884,0.0781,0.912,8,9/7/2022,9/25/2022
13,5,206962137,13,24,24,283740,639106,355366,0.1858,7.208,1,9/3/2022,9/8/2022
14,11,333532385,14,6,18,2318753,4505631,2186878,0.1429,6.892,3,9/12/2022,9/13/2022
15,18,174048450,15,28,17,2892004,5594808,2702804,0.7042,0.796,14,9/4/2022,9/29/2022
16,12,530103538,16,27,17,2850607,5516153,2665546,0.3316,5.685,12,9/9/2022,9/6/2022
17,5,247900617,17,1,17,1846300,3607970,1761670,0.1716,9.011,7,9/9/2022,9/22/2022
18,4,443900944,18,50,13,3823371,7364405,3541034,0.1871,2.249,5,9/8/2022,9/24/2022
19,9,106234992,19,19,9,2359719,4583466,2223747,0.642,0.522,10,9/15/2022,9/8/2022
20,2,265485438,20,17,18,2286037,4443470,2157433,0.3425,5.625,14,9/16/2022,9/26/2022
21,3,877913586,21,47,23,4053193,7801067,3747874,0.1446,7.415,12,9/15/2022,9/13/2022
22,16,820317073,22,25,16,2113049,4114793,2001744,0.0656,0.894,9,9/27/2022,9/17/2022
23,12,498244774,23,26,12,1342919,2651546,1308627,0.533,9.73,5,9/16/2022,9/15/2022
24,14,387274160,24,20,25,4020902,7739714,3718812,0.7214,8.769,9,9/22/2022,9/17/2022
25,7,303307066,25,49,19,1394575,2749693,1355118,0.6589,8.115,9,9/20/2022,9/5/2022
26,5,487693909,26,25,1,2810913,5440735,2629822,0.622,5.718,3,9/6/2022,9/28/2022
27,15,189968098,27,18,16,4441849,8539513,4097664,0.1205,3.951,12,9/14/2022,9/3/2022
28,6,928338563,28,14,8,3870764,7454452,3583688,0.0522,6.151,4,9/11/2022,9/25/2022
29,20,586928781,29,25,16,145817,377052,231235,0.5495,2.03,14,9/9/2022,9/25/2022
30,8,615904238,30,14,13,1836242,3588860,1752618,0.2614,5.973,7,9/26/2022,9/2/2022
31,9,551929187,31,41,9,1898549,3707243,1808694,0.0494,7.392,7,9/28/2022,9/28/2022
32,4,627864895,32,12,12,3014222,5827022,2812800,0.4025,6.478,1,9/11/2022,9/28/2022
33,4,357320904,33,1,14,3508514,6766177,3257663,0.0501,4.796,15,9/6/2022,9/26/2022
34,8,269408292,34,46,4,1468794,2890709,1421915,0.75,1.96,7,9/26/2022,9/4/2022
35,9,259458387,35,32,27,453911,962431,508520,0.4192,4.846,2,9/11/2022,9/23/2022
36,17,482290860,36,41,26,2616597,5071534,2454937,0.012,4.98,14,9/25/2022,9/28/2022
37,3,470107200,37,3,4,1287502,2546254,1258752,0.1242,2.419,14,9/26/2022,9/27/2022
38,4,685682342,38,2,7,1404580,2768702,1364122,0.5727,9.28,12,9/6/2022,9/9/2022
39,12,123148210,39,37,22,4213704,8106038,3892334,0.6874,2.042,4,9/2/2022,9/24/2022
40,1,137301341,40,4,7,240367,556697,316330,0.1728,5.089,7,9/11/2022,9/2/2022
41,10,597427818,41,32,16,2738504,5303158,2564654,0.2601,6.023,6,9/20/2022,9/25/2022
42,11,494519256,42,30,16,2062516,4018780,1956264,0.0687,5.709,6,9/2/2022,9/27/2022
43,6,769295899,43,42,22,4318812,8305743,3986931,0.2241,1.836,11,9/4/2022,9/15/2022
44,16,651396543,44,47,20,1530340,3007646,1477306,0.6437,3.884,6,9/29/2022,9/20/2022
45,3,337658541,45,5,6,2506614,4862567,2355953,0.1606,6.848,15,9/8/2022,9/17/2022
46,4,896855516,46,11,23,3892424,7495606,3603182,0.3901,8.189,11,9/20/2022,9/17/2022
47,3,309132891,47,12,7,2756604,5337548,2580944,0.7417,1.958,12,9/26/2022,9/15/2022
48,11,995856999,48,45,18,3650070,7035133,3385063,0.1097,1.687,1,9/11/2022,9/22/2022
49,9,876337003,49,12,12,1194953,2370411,1175458,0.0017,2.298,4,9/19/2022,9/23/2022
50,3,761460008,50,1,6,4181440,8044736,3863296,0.0449,3.501,2,9/4/2022,9/3/2022
51,2,998574432,51,7,12,2871562,5555968,2684406,0.074,7.223,10,9/23/2022,9/27/2022
52,10,552943708,52,13,27,3472477,6697706,3225229,0.0924,2.294,4,9/1/2022,9/24/2022
53,14,832057297,53,15,20,548258,1141690,593432,0.6038,4.873,7,9/5/2022,9/12/2022
54,7,179043888,54,35,25,269612,612263,342651,0.7388,0.348,15,9/9/2022,9/3/2022
55,12,331008621,55,16,1,4298340,8266846,3968506,0.0708,9.198,6,9/4/2022,9/15/2022
56,5,790473618,56,43,22,1865473,3644399,1778926,0.6751,0.644,11,9/16/2022,9/3/2022
57,12,245243433,57,35,24,3919045,7546186,3627141,0.26,8.693,1,9/2/2022,9/26/2022
58,15,316406092,58,45,3,3651992,7038785,3386793,0.009,9.154,12,9/26/2022,9/21/2022
59,10,999919825,59,40,23,395138,850762,455624,0.6637,2.614,7,9/2/2022,9/28/2022
60,7,803577434,60,6,13,1808162,3535508,1727346,0.5922,6.614,8,9/6/2022,9/12/2022
61,15,431508938,61,48,6,2187034,4255365,2068331,0.4824,6.934,14,9/28/2022,9/23/2022
62,13,565830646,62,33,3,4135514,7957477,3821963,0.5946,0.938,11,9/15/2022,9/15/2022
63,4,718996395,63,27,7,857442,1729140,871698,0.2588,5.049,14,9/7/2022,9/14/2022
64,16,663754421,64,49,21,1545296,3036062,1490766,0.7485,6.483,5,9/3/2022,9/10/2022
65,1,586636148,65,29,1,4393650,8447935,4054285,0.4115,5.424,14,9/23/2022,9/23/2022
66,6,225617421,66,14,23,3665361,7064186,3398825,0.6395,6.01,3,9/9/2022,9/4/2022
67,6,868852046,67,44,14,1970265,3843504,1873239,0.7136,3.069,10,9/13/2022,9/2/2022
68,11,444184283,68,46,23,2801768,5423359,2621591,0.5617,7.871,4,9/14/2022,9/13/2022
69,8,881798575,69,8,8,1347379,2660020,1312641,0.3108,9.482,9,9/28/2022,9/25/2022
70,19,307036287,70,38,30,1067294,2127859,1060565,0.5076,8.048,9,9/10/2022,9/28/2022
71,8,442579877,71,20,24,491946,1034697,542751,0.5483,0.73,9,9/23/2022,9/29/2022
72,9,902057017,72,48,1,115254,318983,203729,0.1018,1.847,14,9/14/2022,9/6/2022
73,18,867098543,73,31,4,3405412,6570283,3164871,0.1503,3.498,6,9/27/2022,9/18/2022
74,16,557950101,74,37,1,1377024,2716346,1339322,0.1169,0.801,10,9/6/2022,9/29/2022
75,11,718983514,75,40,22,1958867,3821847,1862980,0.0276,6.474,11,9/14/2022,9/11/2022
76,16,817455720,76,32,13,359067,782227,423160,0.0952,9.065,7,9/14/2022,9/1/2022
77,12,786630761,77,18,25,1254156,2482896,1228740,0.1885,2.89,1,9/10/2022,9/10/2022
78,13,777325101,78,38,4,435039,926574,491535,0.3568,9.588,9,9/12/2022,9/7/2022
79,9,641891639,79,22,15,3928459,7564072,3635613,0.683,0.875,13,9/8/2022,9/29/2022
80,13,934005718,80,49,14,2227402,4332064,2104662,0.0881,2.826,13,9/19/2022,9/15/2022
81,2,320407888,81,37,10,3621627,6981091,3359464,0.0735,7.909,1,9/29/2022,9/22/2022
82,8,608349988,82,23,12,2043588,3982817,1939229,0.4223,8.27,11,9/25/2022,9/7/2022
83,8,817452272,83,32,10,2752242,5329260,2577018,0.4897,1.812,11,9/10/2022,9/17/2022
84,14,680818684,84,31,12,3054207,5902993,2848786,0.1569,2.04,14,9/15/2022,9/14/2022
85,4,617119364,85,37,28,2547462,4940178,2392716,0.1756,9.0,15,9/10/2022,9/11/2022
86,5,328733082,86,19,22,2722771,5273265,2550494,0.3867,9.611,11,9/21/2022,9/13/2022
87,6,602568570,87,10,23,146631,378599,231968,0.7548,7.372,7,9/5/2022,9/22/2022
88,20,734818710,88,50,19,3600565,6941074,3340509,0.1785,1.02,7,9/10/2022,9/7/2022
89,5,456722688,89,6,6,2613307,5065283,2451976,0.4429,6.127,5,9/12/2022,9/27/2022
90,18,298212320,90,22,25,2118857,4125828,2006971,0.7285,3.935,8,9/15/2022,9/16/2022
91,20,453361073,91,14,26,2443857,4743328,2299471,0.1151,8.359,7,9/26/2022,9/5/2022
92,17,922728030,92,15,6,3570835,6884587,3313752,0.2474,2.149,13,9/11/2022,9/17/2022
93,3,900875736,93,49,27,1026006,2049411,1023405,0.0065,7.262,10,9/2/2022,9/21/2022
94,20,209131338,94,44,1,1174154,2330893,1156739,0.0605,1.343,1,9/1/2022,9/21/2022
95,9,800764682,95,6,20,1602616,3144970,1542354,0.0679,8.777,14,9/29/2022,9/28/2022
96,5,440771915,96,46,9,1498463,2947080,1448617,0.1223,4.953,12,9/23/2022,9/12/2022
97,8,995491284,97,29,10,2497087,4844465,2347378,0.7641,7.233,5,9/18/2022,9/6/2022
98,4,261150531,98,50,22,2556750,4957825,2401075,0.4572,4.778,2,9/29/2022,9/19/2022
99,11,796716533,99,40,25,2907842,5624900,2717058,0.2754,5.173,4,9/9/2022,9/1/2022
100,8,294148014,100,21,17,4025595,7748631,3723036,0.7187,8.668,8,9/19/2022,9/14/2022
101,16,245852899,101,35,13,4416315,8490999,4074684,0.4866,7.389,14,9/19/2022,9/16/2022
102,5,897840359,102,39,21,513862,1076338,562476,0.696,6.502,5,9/15/2022,9/13/2022
103,16,701474659,103,20,13,1499258,2948590,1449332,0.2964,9.677,14,9/6/2022,9/15/2022
104,19,667952678,104,18,19,3648834,7032785,3383951,0.0556,7.855,13,9/13/2022,9/13/2022
105,8,339272578,105,15,6,1088270,2167713,1079443,0.0183,8.559,13,9/26/2022,9/22/2022
106,13,317676618,106,31,1,2970980,5744862,2773882,0.1994,3.109,2,9/19/2022,9/12/2022
107,1,485999199,107,32,15,3959254,7622583,3663329,0.3813,0.896,5,9/21/2022,9/23/2022
108,15,689009514,108,40,25,807059,1633412,826353,0.3468,8.722,3,9/17/2022,9/11/2022
109,7,326483850,109,25,24,2062649,4019033,1956384,0.7727,5.642,9,9/21/2022,9/23/2022
110,6,714756077,110,41,17,2859976,5533954,2673978,0.2307,4.844,9,9/8/2022,9/23/2022
111,11,511406879,111,22,19,614893,1268297,653404,0.0094,9.006,12,9/8/2022,9/6/2022
112,2,676123437,112,1,1,118739,325604,206865,0.3773,3.61,6,9/26/2022,9/7/2022
113,14,801333030,113,33,19,4121870,7931553,3809683,0.4108,5.761,3,9/29/2022,9/17/2022
114,17,473713670,114,50,13,4255967,8186337,3930370,0.6035,3.663,13,9/12/2022,9/7/2022
115,20,827518088,115,12,15,1577646,3097527,1519881,0.0608,1.366,12,9/1/2022,9/6/2022
116,11,403521203,116,36,26,3039460,5874974,2835514,0.2886,7.558,12,9/6/2022,9/23/2022
117,20,438832026,117,11,1,3796592,7313525,3516933,0.0776,0.654,4,9/4/2022,9/19/2022
118,20,383351703,118,50,6,1451920,2858648,1406728,0.1735,5.09,7,9/17/2022,9/21/2022
119,4,637498145,119,33,14,3895590,7501621,3606031,0.084,8.981,3,9/7/2022,9/7/2022
120,6,401954854,120,4,1,4212912,8104533,3891621,0.3409,9.285,5,9/1/2022,9/12/2022
121,5,255668264,121,50,7,1895313,3701095,1805782,0.5867,3.684,9,9/23/2022,9/13/2022
122,10,647005936,122,25,18,1644846,3225207,1580361,0.54,2.373,12,9/7/2022,9/5/2022
123,1,540668044,123,5,6,1535548,3017541,1481993,0.0803,5.082,3,9/18/2022,9/6/2022
124,6,269538851,124,18,24,475517,1003482,527965,0.0025,1.641,12,9/19/2022,9/2/2022
125,10,896163403,125,13,10,597828,1235873,638045,0.0053,6.157,10,9/26/2022,9/25/2022
126,8,514552352,126,36,24,481878,1015568,533690,0.5576,4.791,9,9/17/2022,9/22/2022
127,15,374689175,127,44,2,1318312,2604793,1286481,0.6751,5.15,7,9/10/2022,9/12/2022
128,13,349374810,128,15,19,3903797,7517214,3613417,0.1066,4.081,3,9/16/2022,9/27/2022
129,19,263157553,129,2,12,4208606,8096351,3887745,0.5319,2.051,13,9/22/2022,9/17/2022
130,13,750398649,130,50,1,1338690,2643511,1304821,0.5326,3.402,8,9/9/2022,9/3/2022
131,14,683570215,131,35,3,1197027,2374351,1177324,0.0802,4.205,2,9/29/2022,9/23/2022
132,1,474652693,132,25,5,2597772,5035767,2437995,0.3798,2.852,3,9/7/2022,9/3/2022
133,20,472312436,133,16,10,4196271,8072915,3876644,0.6459,9.738,9,9/13/2022,9/10/2022
134,11,815445790,134,29,10,2285668,4442769,2157101,0.4199,2.616,15,9/24/2022,9/9/2022
135,16,346565590,135,22,4,4036606,7769551,3732945,0.7628,4.66,4,9/6/2022,9/14/2022
136,11,508671309,136,16,23,2493378,4837418,2344040,0.1409,2.387,9,9/15/2022,9/18/2022
137,7,561238939,137,43,11,2939081,5684254,2745173,0.7895,4.091,12,9/27/2022,9/9/2022
138,8,873514388,138,37,8,3113277,6015226,2901949,0.055,4.697,6,9/16/2022,9/14/2022
139,8,830704059,139,23,15,3836129,7388645,3552516,0.0851,9.719,3,9/23/2022,9/23/2022
140,4,704340846,140,33,23,1768744,3460614,1691870,0.0537,0.274,14,9/21/2022,9/22/2022
141,5,351992989,141,34,18,1378087,2718365,1340278,0.7722,1.487,15,9/11/2022,9/8/2022
142,20,156636421,142,22,30,3453540,6661726,3208186,0.4779,3.851,3,9/9/2022,9/13/2022
143,5,964562578,143,10,13,1824355,3566275,1741920,0.1969,6.671,2,9/26/2022,9/19/2022
144,4,942605461,144,50,8,2399283,4658638,2259355,0.1783,8.521,7,9/11/2022,9/2/2022
145,19,638899578,145,50,3,637667,1311567,673900,0.037,4.201,10,9/23/2022,9/1/2022
146,17,453298241,146,23,19,2274334,4421235,2146901,0.1448,5.43,15,9/18/2022,9/15/2022
147,5,835434879,147,43,12,2386128,4633643,2247515,0.0204,1.761,10,9/19/2022,9/14/2022
148,10,125533835,148,44,22,2163120,4209928,2046808,0.034,3.788,2,9/23/2022,9/7/2022
149,18,934027286,149,9,11,723182,1474046,750864,0.7829,9.85,1,9/27/2022,9/24/2022
150,11,367806599,150,6,16,803269,1626211,822942,0.1773,8.887,14,9/17/2022,9/20/2022
151,1,857191541,151,40,5,1704905,3339320,1634415,0.0719,2.337,13,9/20/2022,9/6/2022
152,2,751753813,152,19,30,3160125,6104238,2944113,0.4954,6.825,10,9/29/2022,9/24/2022
153,15,160115386,153,14,14,2044155,3983895,1939740,0.7579,0.621,7,9/16/2022,9/24/2022
154,13,126980449,154,1,8,493194,1037069,543875,0.0722,8.197,8,9/14/2022,9/23/2022
155,11,161936315,155,22,12,3612096,6962982,3350886,0.0564,6.088,7,9/17/2022,9/27/2022
156,6,355321534,156,12,25,2800531,5421009,2620478,0.3877,4.549,5,9/11/2022,9/2/2022
157,13,261480417,157,46,26,4422936,8503578,4080642,0.3897,0.622,7,9/22/2022,9/29/2022
158,1,395020094,158,26,30,4235868,8148149,3912281,0.0119,7.264,6,9/7/2022,9/10/2022
159,20,559358866,159,6,9,2666614,5166567,2499953,0.4243,0.497,10,9/17/2022,9/25/2022
160,20,871246405,160,26,20,3735146,7196777,3461631,0.0773,1.389,1,9/20/2022,9/23/2022
161,15,115685428,161,26,26,1002500,2004750,1002250,0.2856,5.531,15,9/8/2022,9/6/2022
162,8,635759237,162,37,1,2075629,4043695,1968066,0.3335,2.615,7,9/20/2022,9/8/2022
163,19,695335591,163,41,9,1720490,3368931,1648441,0.0164,0.969,1,9/18/2022,9/24/2022
164,19,906270171,164,50,17,458539,971224,512685,0.0831,4.169,12,9/3/2022,9/24/2022
165,6,186633443,165,22,25,1601104,3142098,1540994,0.1328,7.343,4,9/2/2022,9/25/2022
166,14,600361142,166,20,9,355967,776337,420370,0.5341,2.29,14,9/8/2022,9/4/2022
167,17,704814899,167,4,6,2887393,5586047,2698654,0.2899,0.107,7,9/26/2022,9/20/2022
168,4,922445193,168,41,14,2156894,4198099,2041205,0.6059,2.055,4,9/23/2022,9/15/2022
169,18,973951494,169,30,11,4023186,7744053,3720867,0.0792,5.302,8,9/12/2022,9/20/2022
170,11,942021764,170,23,5,2772445,5367646,2595201,0.3513,3.844,9,9/28/2022,9/26/2022
171,20,556445672,171,48,25,4166854,8017023,3850169,0.0625,2.803,15,9/28/2022,9/18/2022
172,10,504210303,172,1,16,2847635,5510507,2662872,0.7115,2.715,3,9/17/2022,9/10/2022
173,3,848957237,173,18,19,1959626,3823289,1863663,0.3078,2.321,6,9/5/2022,9/26/2022
174,1,221403928,174,17,4,4451150,8557185,4106035,0.6614,4.094,13,9/4/2022,9/20/2022
175,9,819397626,175,42,30,198342,476850,278508,0.6863,7.2,5,9/23/2022,9/27/2022
176,1,313852624,176,23,26,1639796,3215612,1575816,0.2827,6.135,3,9/20/2022,9/11/2022
177,19,853894932,177,7,15,3936004,7578408,3642404,0.1797,2.661,7,9/27/2022,9/4/2022
178,8,517000778,178,28,19,4346576,8358494,4011918,0.6546,6.162,8,9/12/2022,9/2/2022
179,1,926334861,179,10,13,4094478,7879508,3785030,0.0564,9.908,13,9/5/2022,9/28/2022
180,9,923875482,180,40,15,4082865,7857444,3774579,0.022,1.836,11,9/5/2022,9/20/2022
181,5,529943546,181,39,2,3800598,7321136,3520538,0.227,5.772,15,9/14/2022,9/24/2022
182,5,118875825,182,40,7,3302745,6375216,3072471,0.567,3.8,12,9/3/2022,9/19/2022
183,10,762071458,183,24,23,4149568,7984179,3834611,0.2735,6.844,13,9/2/2022,9/4/2022
184,14,637080717,184,31,25,1950794,3806509,1855715,0.476,8.107,12,9/27/2022,9/8/2022
185,2,828151473,185,42,7,585973,1213349,627376,0.3468,2.219,4,9/10/2022,9/18/2022
186,11,326953437,186,8,27,2524924,4897356,2372432,0.0627,4.31,10,9/17/2022,9/5/2022
187,3,814604746,187,25,22,2768746,5360617,2591871,0.0653,4.549,8,9/22/2022,9/7/2022
188,4,654148166,188,11,28,430764,918452,487688,0.2619,4.054,7,9/21/2022,9/6/2022
189,18,628381127,189,39,15,1165591,2314623,1149032,0.163,5.196,2,9/23/2022,9/13/2022
190,5,221347796,190,16,30,4150608,7986155,3835547,0.1049,7.817,10,9/2/2022,9/5/2022
191,2,402792934,191,35,10,3267311,6307891,3040580,0.6955,2.043,4,9/14/2022,9/9/2022
192,8,622761151,192,35,21,3387283,6535838,3148555,0.1885,0.567,2,9/15/2022,9/14/2022
193,15,339356758,193,43,10,571008,1184915,613907,0.1391,3.24,13,9/4/2022,9/1/2022
194,19,415938759,194,36,17,531430,1109717,578287,0.0611,0.475,13,9/22/2022,9/8/2022
195,10,577552127,195,15,25,2451182,4757246,2306064,0.0727,9.201,6,9/14/2022,9/26/2022
196,5,591264683,196,3,23,3731825,7190468,3458643,0.6815,6.219,9,9/5/2022,9/25/2022
197,13,552174941,197,15,13,2650201,5135382,2485181,0.7463,7.15,4,9/16/2022,9/19/2022
198,14,556064036,198,17,25,1802622,3524982,1722360,0.0642,1.18,14,9/12/2022,9/4/2022
199,17,653484466,199,5,3,2537145,4920576,2383431,0.6012,0.96,4,9/26/2022,9/19/2022
200,5,929537315,200,44,25,2904256,5618086,2713830,0.748,4.136,1,9/17/2022,9/21/2022
201,14,198082906,201,50,2,3342896,6451502,3108606,0.2164,8.165,10,9/9/2022,9/26/2022
202,14,225288256,202,26,28,405135,869757,464622,0.2552,4.881,13,9/11/2022,9/7/2022
203,1,765568449,203,37,18,1035459,2067372,1031913,0.0518,9.13,10,9/18/2022,9/17/2022
204,9,420966920,204,36,10,1473413,2899485,1426072,0.5022,8.117,1,9/4/2022,9/1/2022
205,20,876738061,205,46,10,934778,1876078,941300,0.0055,1.278,8,9/28/2022,9/14/2022
206,14,286680867,206,1,30,3545544,6836534,3290990,0.2442,3.791,6,9/26/2022,9/25/2022
207,2,242149348,207,2,20,2329665,4526364,2196699,0.5362,6.141,12,9/23/2022,9/22/2022
208,17,450938879,208,18,20,1246665,2468664,1221999,0.742,9.21,12,9/7/2022,9/14/2022
209,16,767138433,209,12,27,2898550,5607245,2708695,0.0681,9.414,1,9/8/2022,9/12/2022
210,15,273110201,210,22,29,2974631,5751799,2777168,0.6366,4.017,1,9/4/2022,9/2/2022
211,8,926198691,211,50,18,3223575,6224793,3001218,0.1801,1.854,14,9/13/2022,9/4/2022
212,13,903293878,212,2,17,3589686,6920403,3330717,0.3409,1.921,10,9/11/2022,9/28/2022
213,18,758401837,213,21,27,1600426,3140809,1540383,0.5411,4.261,12,9/11/2022,9/19/2022
214,11,301524149,214,41,19,1025115,2047719,1022604,0.4524,9.557,4,9/5/2022,9/3/2022
215,5,885627439,215,29,4,1894076,3698744,1804668,0.1521,0.767,1,9/19/2022,9/17/2022
216,1,908973124,216,24,27,2291604,4454048,2162444,0.0619,2.603,9,9/12/2022,9/25/2022
217,2,576549235,217,18,13,992297,1985364,993067,0.55,1.665,9,9/4/2022,9/7/2022
218,16,363727016,218,47,12,3157286,6098843,2941557,0.2723,8.914,11,9/14/2022,9/27/2022
219,20,446545471,219,26,21,1663281,3260234,1596953,0.2739,0.296,1,9/17/2022,9/24/2022
220,19,771925877,220,23,2,3601641,6943118,3341477,0.7566,1.209,11,9/13/2022,9/24/2022
221,6,233890152,221,49,6,2690642,5212220,2521578,0.4926,9.476,5,9/14/2022,9/23/2022
222,14,311198981,222,12,15,3589097,6919284,3330187,0.3982,3.367,1,9/2/2022,9/5/2022
223,9,649617436,223,32,24,470114,993217,523103,0.775,4.362,2,9/9/2022,9/3/2022
224,1,458552134,224,28,5,1359229,2682535,1323306,0.0151,0.717,13,9/17/2022,9/4/2022
225,18,476397936,225,19,9,2586122,5013632,2427510,0.6537,2.169,14,9/23/2022,9/29/2022
226,3,423179620,226,10,9,2300361,4470686,2170325,0.6353,5.243,7,9/20/2022,9/25/2022
227,16,536290094,227,8,1,3551587,6848015,3296428,0.4372,3.441,9,9/20/2022,9/19/2022
228,1,727917859,228,34,21,186622,454582,267960,0.2815,7.596,1,9/14/2022,9/22/2022
229,11,883965712,229,49,8,915737,1839900,924163,0.2478,7.996,11,9/12/2022,9/25/2022
230,14,256973047,230,26,11,1603456,3146566,1543110,0.1502,7.644,10,9/13/2022,9/21/2022
231,12,209100596,231,24,23,2710059,5249112,2539053,0.332,3.361,7,9/20/2022,9/16/2022
232,1,236364996,232,11,6,2364659,4592852,2228193,0.2631,6.366,6,9/24/2022,9/1/2022
233,17,666176607,233,36,19,125443,338342,212899,0.6321,2.836,15,9/6/2022,9/9/2022
234,17,572013514,234,37,4,3419104,6596298,3177194,0.1669,3.774,12,9/24/2022,9/2/2022
235,3,716678187,235,13,23,4055974,7806351,3750377,0.4067,2.295,5,9/23/2022,9/3/2022
236,12,614827086,236,35,20,967036,1937368,970332,0.3666,7.863,15,9/27/2022,9/24/2022
237,12,506387584,237,45,1,328694,724519,395825,0.5929,3.729,9,9/22/2022,9/16/2022
238,8,467236259,238,32,12,1787321,3495910,1708589,0.326,1.123,9,9/25/2022,9/12/2022
239,14,454895942,239,27,15,3997700,7695630,3697930,0.0405,5.009,14,9/11/2022,9/18/2022
240,19,803704917,240,30,18,4008642,7716420,3707778,0.3848,9.948,14,9/27/2022,9/20/2022
241,19,482253361,241,3,27,1081681,2155194,1073513,0.6765,6.13,14,9/8/2022,9/12/2022
242,4,326713108,242,43,26,4053887,7802385,3748498,0.3146,6.677,9,9/14/2022,9/18/2022
243,20,211940487,243,35,21,2825956,5469316,2643360,0.015,5.252,4,9/27/2022,9/6/2022
244,16,751801335,244,2,27,539237,1124550,585313,0.3596,2.153,8,9/8/2022,9/7/2022
245,18,314597471,245,21,10,3821045,7359986,3538941,0.7197,1.962,1,9/22/2022,9/14/2022
246,11,349559439,246,16,7,688099,1407388,719289,0.5829,5.573,15,9/22/2022,9/1/2022
247,17,153780230,247,37,29,1308471,2586095,1277624,0.0587,3.141,9,9/11/2022,9/14/2022
248,5,737861918,248,11,22,2832911,5482531,2649620,0.3202,5.656,2,9/10/2022,9/16/2022
249,18,546709365,249,46,19,1574066,3090725,1516659,0.6936,8.974,9,9/22/2022,9/14/2022
250,4,805272114,250,20,5,3259769,6293561,3033792,0.0727,8.329,13,9/17/2022,9/8/2022
251,8,459036996,251,41,8,361479,786810,425331,0.1248,0.145,4,9/5/2022,9/29/2022
252,4,127456512,252,19,4,2670267,5173507,2503240,0.0321,8.255,7,9/14/2022,9/14/2022
253,16,149128878,253,16,11,737621,1501480,763859,0.7019,1.277,15,9/11/2022,9/15/2022
254,6,701351031,254,21,23,4152608,7989955,3837347,0.1664,3.078,1,9/23/2022,9/23/2022
255,18,396729925,255,48,29,2896161,5602706,2706545,0.3806,0.172,2,9/27/2022,9/10/2022
256,12,435303172,256,31,23,1586074,3113541,1527467,0.5292,8.326,7,9/24/2022,9/29/2022
257,15,644227943,257,33,2,2000336,3900638,1900302,0.2736,0.002,14,9/2/2022,9/7/2022
258,2,344961018,258,13,21,2804653,5428841,2624188,0.4141,5.001,12,9/13/2022,9/15/2022
259,8,450843617,259,13,16,2100601,4091142,1990541,0.148,8.4,4,9/3/2022,9/27/2022
260,3,590528005,260,44,9,3300689,6371309,3070620,0.3504,9.266,6,9/21/2022,9/18/2022
261,3,371010938,261,20,8,1860707,3635343,1774636,0.1633,0.149,14,9/16/2022,9/14/2022
262,17,558222688,262,3,6,3136982,6060266,2923284,0.7526,0.216,4,9/20/2022,9/23/2022
263,11,900236714,263,25,16,3896638,7503612,3606974,0.5782,3.078,14,9/24/2022,9/10/2022
264,18,292622048,264,11,26,1132293,2251357,1119064,0.3639,2.237,14,9/25/2022,9/15/2022
265,12,329901816,265,49,21,1289999,2550998,1260999,0.7009,1.868,11,9/27/2022,9/9/2022
266,12,934920367,266,17,24,3812849,7344413,3531564,0.1619,4.721,3,9/12/2022,9/28/2022
267,1,759628332,267,45,17,490965,1032834,541869,0.09,0.322,12,9/5/2022,9/16/2022
268,11,238386590,268,19,9,1503820,2957258,1453438,0.003,2.351,7,9/7/2022,9/3/2022
269,19,316781757,269,45,17,3551216,6847310,3296094,0.2438,7.251,3,9/12/2022,9/23/2022
270,19,659108226,270,31,5,2424002,4705604,2281602,0.1979,1.448,13,9/11/2022,9/14/2022
271,8,622437336,271,42,18,4190909,8062727,3871818,0.6622,9.121,12,9/24/2022,9/1/2022
272,3,537221392,272,25,28,503384,1056430,553046,0.7939,8.296,7,9/20/2022,9/12/2022
273,4,116033819,273,18,27,1497132,2944551,1447419,0.1884,8.248,4,9/29/2022,9/19/2022
274,8,208232897,274,42,29,2769141,5361368,2592227,0.734,9.429,7,9/15/2022,9/22/2022
275,6,418947809,275,33,19,853368,1721399,868031,0.5911,5.479,10,9/21/2022,9/10/2022
276,18,784432636,276,37,5,2269709,4412447,2142738,0.2235,7.14,10,9/23/2022,9/7/2022
277,11,337681892,277,34,28,2303039,4475774,2172735,0.3883,8.943,5,9/13/2022,9/7/2022
278,13,389592541,278,45,1,3300065,6370124,3070059,0.2981,0.254,11,9/19/2022,9/19/2022
279,18,675554048,279,50,23,853759,1722142,868383,0.2523,0.284,7,9/16/2022,9/28/2022
280,5,295191912,280,29,9,273286,619243,345957,0.6424,5.519,3,9/27/2022,9/15/2022
281,17,241271242,281,19,7,3775698,7273826,3498128,0.2488,7.781,2,9/15/2022,9/2/2022
282,4,971148332,282,31,20,3828169,7373521,3545352,0.7471,6.751,8,9/22/2022,9/24/2022
283,7,856429863,283,7,8,1909640,3728316,1818676,0.1959,1.258,8,9/12/2022,9/25/2022
284,17,437254803,284,8,26,252445,579646,327201,0.6683,6.532,4,9/27/2022,9/10/2022
285,8,491487098,285,13,6,2292791,4456303,2163512,0.3602,6.875,10,9/29/2022,9/9/2022
286,6,450296992,286,36,24,457822,969862,512040,0.2408,5.983,3,9/4/2022,9/20/2022
287,9,223508204,287,40,5,161406,406671,245265,0.6393,7.333,5,9/11/2022,9/26/2022
288,7,856265610,288,8,22,3574666,6891865,3317199,0.2061,4.971,14,9/22/2022,9/9/2022
289,15,370665329,289,26,3,4439332,8534731,4095399,0.7432,5.992,10,9/24/2022,9/10/2022
290,1,375352482,290,30,20,283951,639507,355556,0.0335,1.114,12,9/13/2022,9/9/2022
291,6,561286593,291,4,9,2858066,5530325,2672259,0.2501,4.344,7,9/2/2022,9/5/2022
292,13,921472475,292,3,20,101656,293146,191490,0.1396,6.976,13,9/24/2022,9/9/2022
293,10,679070170,293,6,16,602501,1244752,642251,0.595,9.023,9,9/10/2022,9/1/2022
294,7,345339951,294,50,10,1746103,3417596,1671493,0.5473,8.302,12,9/3/2022,9/18/2022
295,17,353354073,295,15,8,428279,913730,485451,0.1093,0.602,13,9/29/2022,9/5/2022
296,1,123043337,296,47,4,2872771,5558265,2685494,0.6098,4.627,10,9/2/2022,9/27/2022
297,10,206610871,297,1,7,3155528,6095503,2939975,0.3655,1.175,7,9/6/2022,9/15/2022
298,19,191306679,298,27,29,1659521,3253090,1593569,0.1564,5.375,9,9/21/2022,9/17/2022
299,8,820769337,299,6,13,2435440,4727336,2291896,0.0956,6.736,1,9/7/2022,9/4/2022
300,19,303362195,300,42,19,1105375,2200213,1094838,0.1607,3.789,7,9/2/2022,9/25/2022
301,5,942376730,301,16,25,4437568,8531379,4093811,0.5326,2.742,14,9/15/2022,9/16/2022
302,14,600712007,302,50,5,3696929,7124165,3427236,0.1952,4.599,11,9/18/2022,9/19/2022
303,8,175029053,303,15,18,2450457,4755868,2305411,0.1702,1.485,5,9/24/2022,9/27/2022
304,20,984073099,304,49,27,1470995,2894891,1423896,0.1044,7.179,5,9/1/2022,9/12/2022
305,17,404282482,305,22,29,2482100,4815990,2333890,0.6321,5.15,6,9/3/2022,9/22/2022
306,6,810449167,306,48,25,2654598,5143736,2489138,0.5195,6.996,5,9/11/2022,9/1/2022
307,20,794070293,307,30,10,4319809,8307637,3987828,0.2759,2.893,6,9/6/2022,9/1/2022
308,1,499651081,308,12,8,4059305,7812680,3753375,0.7479,6.083,6,9/8/2022,9/10/2022
309,20,543619088,309,44,20,2016664,3931662,1914998,0.4599,8.471,4,9/3/2022,9/14/2022
310,15,130964620,310,12,28,4467256,8587786,4120530,0.0102,4.981,8,9/22/2022,9/13/2022
311,18,341287986,311,46,17,1714203,3356986,1642783,0.6479,7.042,7,9/7/2022,9/20/2022
312,12,369332648,312,28,13,2314679,4497890,2183211,0.7182,0.049,3,9/5/2022,9/29/2022
313,4,177551308,313,4,14,1489498,2930046,1440548,0.0385,4.474,8,9/22/2022,9/19/2022
314,11,241673179,314,41,6,849690,1714411,864721,0.6401,0.868,4,9/15/2022,9/23/2022
315,12,987196399,315,30,22,2530231,4907439,2377208,0.064,2.761,15,9/26/2022,9/24/2022
316,20,878391021,316,20,13,4255047,8184589,3929542,0.6853,1.61,6,9/7/2022,9/8/2022
317,16,100338868,317,30,21,3908447,7526049,3617602,0.2321,5.271,6,9/10/2022,9/15/2022
318,14,981736122,318,1,11,366450,796255,429805,0.1076,6.377,4,9/13/2022,9/2/2022
319,13,601545281,319,23,29,2759043,5342182,2583139,0.7353,3.26,2,9/13/2022,9/17/2022
320,6,770683396,320,24,16,3986629,7674595,3687966,0.2088,1.203,2,9/18/2022,9/20/2022
321,1,929031880,321,3,7,1520368,2988699,1468331,0.1362,5.639,14,9/26/2022,9/24/2022
322,5,263890393,322,4,4,738399,1502958,764559,0.5507,6.697,15,9/22/2022,9/9/2022
323,10,662275545,323,12,8,1050401,2095762,1045361,0.1848,0.648,3,9/19/2022,9/4/2022
324,10,238079667,324,15,2,2308584,4486310,2177726,0.4695,7.169,7,9/9/2022,9/11/2022
325,17,600334400,325,30,17,3322891,6413493,3090602,0.1627,5.617,4,9/15/2022,9/16/2022
326,1,212401634,326,19,4,3658355,7050875,3392520,0.4907,8.741,10,9/6/2022,9/22/2022
327,6,138837700,327,40,18,3323231,6414139,3090908,0.0151,9.358,2,9/16/2022,9/15/2022
328,4,816512858,328,9,1,1088869,2168851,1079982,0.2271,6.663,8,9/16/2022,9/15/2022
329,13,571530358,329,45,3,2005278,3910028,1904750,0.377,7.191,2,9/10/2022,9/10/2022
330,14,232361735,330,41,7,3754149,7232883,3478734,0.4466,5.002,5,9/5/2022,9/9/2022
331,6,234531090,331,13,30,2002240,3904256,1902016,0.3177,0.691,12,9/7/2022,9/23/2022
332,9,982353869,332,20,30,3946245,7597866,3651621,0.7632,5.696,3,9/12/2022,9/19/2022
333,12,182419972,333,3,19,2686637,5204610,2517973,0.6555,6.514,11,9/21/2022,9/9/2022
334,18,506665304,334,24,6,651023,1336944,685921,0.5599,6.227,12,9/11/2022,9/13/2022
335,7,916432475,335,3,28,4111133,7911153,3800020,0.7256,7.0,3,9/13/2022,9/27/2022
336,6,953921146,336,45,16,1935067,3776627,1841560,0.6455,4.652,8,9/25/2022,9/1/2022
337,8,569288065,337,16,21,4336901,8340112,4003211,0.7258,3.027,2,9/18/2022,9/12/2022
338,3,777712186,338,38,14,2465886,4785183,2319297,0.0298,8.936,5,9/2/2022,9/28/2022
339,11,885188620,339,4,21,4099396,7888852,3789456,0.5665,0.019,8,9/24/2022,9/15/2022
340,20,704782817,340,17,26,3658566,7051275,3392709,0.49,4.59,11,9/7/2022,9/26/2022
341,12,654814402,341,35,10,2596339,5033044,2436705,0.2534,4.18,5,9/4/2022,9/3/2022
342,10,640219317,342,5,12,2264504,4402558,2138054,0.3517,5.134,2,9/29/2022,9/17/2022
343,18,891607025,343,48,7,1795054,3510603,1715549,0.751,5.629,14,9/27/2022,9/11/2022
344,15,868768344,344,20,24,308522,686192,377670,0.1167,0.322,1,9/29/2022,9/9/2022
345,11,491457801,345,15,27,3422779,6603280,3180501,0.174,8.198,4,9/4/2022,9/21/2022
346,7,401547634,346,24,7,1821994,3561789,1739795,0.2803,3.239,7,9/8/2022,9/20/2022
347,15,256831627,347,49,3,1135250,2256975,1121725,0.1379,7.564,6,9/19/2022,9/11/2022
348,10,797749451,348,37,30,1406049,2771493,1365444,0.5409,8.476,11,9/28/2022,9/25/2022
349,10,908676610,349,8,26,1108254,2205683,1097429,0.1796,5.853,7,9/17/2022,9/2/2022
350,17,741849027,350,4,27,811755,1642335,830580,0.1906,1.348,13,9/7/2022,9/29/2022
351,14,285950533,351,23,1,3197722,6175672,2977950,0.1575,2.538,3,9/27/2022,9/3/2022
352,1,225188912,352,38,17,2547362,4939988,2392626,0.5549,2.791,15,9/13/2022,9/28/2022
353,20,864032243,353,47,21,330442,727840,397398,0.1496,8.188,13,9/18/2022,9/6/2022
354,18,906211489,354,30,22,3731946,7190697,3458751,0.4996,1.36,9,9/23/2022,9/24/2022
355,19,214474279,355,37,11,2572302,4987374,2415072,0.2637,3.079,10,9/25/2022,9/16/2022
356,4,577763481,356,29,22,2089234,4069545,1980311,0.4606,8.968,14,9/29/2022,9/8/2022
357,19,309328529,357,50,20,3783018,7287734,3504716,0.0617,5.384,12,9/23/2022,9/3/2022
358,19,423509718,358,40,15,2176998,4236296,2059298,0.4047,0.866,2,9/1/2022,9/23/2022
359,6,620563219,359,24,20,3264783,6303088,3038305,0.1996,1.721,14,9/24/2022,9/19/2022
360,15,980329676,360,16,17,3122269,6032311,2910042,0.2355,4.319,13,9/18/2022,9/12/2022
361,17,674687995,361,10,15,2423595,4704831,2281236,0.1215,0.12,14,9/5/2022,9/7/2022
362,10,452080025,362,11,2,3715988,7160377,3444389,0.2326,7.573,2,9/29/2022,9/9/2022
363,3,408599034,363,50,28,2063745,4021116,1957371,0.1391,4.241,4,9/8/2022,9/1/2022
364,20,499729890,364,46,13,2975493,5753437,2777944,0.7411,8.654,10,9/14/2022,9/2/2022
365,5,971792343,365,33,18,2344454,4554463,2210009,0.5921,4.249,15,9/13/2022,9/9/2022
366,16,297515558,366,37,11,1090341,2171648,1081307,0.1275,8.521,5,9/15/2022,9/21/2022
367,15,109103790,367,2,17,141674,369181,227507,0.2112,5.349,4,9/1/2022,9/6/2022
368,13,924201039,368,32,2,2957375,5719013,2761638,0.3416,3.759,11,9/22/2022,9/8/2022
369,5,774734345,369,8,19,2875393,5563247,2687854,0.7119,2.014,9,9/20/2022,9/19/2022
370,12,188631121,370,14,8,3286849,6345013,3058164,0.2318,3.021,2,9/3/2022,9/17/2022
371,6,791175465,371,23,3,3872219,7457216,3584997,0.1292,0.546,11,9/10/2022,9/2/2022
372,13,148841858,372,48,4,808067,1635327,827260,0.3348,5.241,5,9/18/2022,9/2/2022
373,7,837812804,373,32,26,677438,1387132,709694,0.0036,6.582,10,9/29/2022,9/3/2022
374,7,782597097,374,34,9,337972,742147,404175,0.3667,4.407,9,9/24/2022,9/10/2022
375,1,528244055,375,35,11,3974221,7651020,3676799,0.502,5.548,5,9/25/2022,9/26/2022
376,18,498256569,376,13,28,1707987,3345175,1637188,0.2766,5.921,4,9/20/2022,9/9/2022
377,10,486060122,377,20,9,2785198,5391876,2606678,0.4039,9.153,11,9/11/2022,9/21/2022
378,2,844480767,378,26,21,554455,1153465,599010,0.3237,2.345,3,9/18/2022,9/23/2022
379,3,957067132,379,36,16,2180183,4242348,2062165,0.0538,6.738,10,9/12/2022,9/21/2022
380,8,569085084,380,3,27,3571637,6886110,3314473,0.1814,7.986,14,9/16/2022,9/20/2022
381,10,320876010,381,15,27,3668239,7069654,3401415,0.4943,8.9,1,9/24/2022,9/11/2022
382,20,627405401,382,27,17,4072103,7836996,3764893,0.1614,8.391,1,9/4/2022,9/21/2022
383,4,265530608,383,16,5,4037808,7771835,3734027,0.281,1.851,2,9/24/2022,9/5/2022
384,8,245167449,384,6,10,1933107,3772903,1839796,0.6459,9.428,1,9/9/2022,9/17/2022
385,4,286340479,385,15,26,1164378,2312318,1147940,0.2124,9.356,5,9/7/2022,9/22/2022
386,20,879790697,386,22,8,1172557,2327858,1155301,0.2761,5.988,5,9/25/2022,9/24/2022
387,14,834860956,387,45,2,388173,837529,449356,0.7917,7.286,10,9/4/2022,9/26/2022
388,9,966044726,388,37,16,3376159,6514702,3138543,0.6599,3.532,5,9/26/2022,9/23/2022
389,7,815446489,389,34,8,365706,794841,429135,0.017,0.538,13,9/7/2022,9/28/2022
390,10,937689958,390,10,4,1149344,2283754,1134410,0.0047,2.976,7,9/10/2022,9/21/2022
391,9,597432278,391,45,6,2899116,5608320,2709204,0.4698,4.311,1,9/16/2022,9/6/2022
392,6,503579180,392,8,19,756260,1536894,780634,0.2379,5.273,7,9/11/2022,9/11/2022
393,2,782531982,393,26,21,1749645,3424326,1674681,0.1508,7.847,9,9/10/2022,9/29/2022
394,4,801604155,394,8,4,4481438,8614732,4133294,0.1852,7.927,4,9/8/2022,9/3/2022
395,10,917392354,395,37,9,1507675,2964583,1456908,0.6447,0.426,3,9/10/2022,9/8/2022
396,9,757669901,396,36,8,2183479,4248610,2065131,0.1361,1.97,13,9/1/2022,9/11/2022
397,12,339821162,397,13,29,1531764,3010352,1478588,0.161,6.264,12,9/4/2022,9/15/2022
398,5,172924209,398,39,13,889946,1790897,900951,0.2424,3.072,4,9/1/2022,9/22/2022
399,20,772318024,399,36,21,2865085,5543662,2678577,0.6556,9.368,3,9/12/2022,9/18/2022
400,4,672120749,400,49,21,4072018,7836834,3764816,0.0701,9.978,5,9/27/2022,9/15/2022
401,3,106741617,401,7,12,2537812,4921843,2384031,0.5271,6.481,2,9/10/2022,9/19/2022
402,20,938329487,402,6,17,3237172,6250627,3013455,0.532,8.237,9,9/5/2022,9/19/2022
403,11,721734513,403,17,15,4421596,8501032,4079436,0.2857,1.573,12,9/12/2022,9/14/2022
404,7,136197215,404,32,17,2342757,4551238,2208481,0.4628,8.683,15,9/22/2022,9/20/2022
405,20,353451429,405,48,11,4474532,8601611,4127079,0.1237,1.631,8,9/7/2022,9/28/2022
406,8,318601030,406,25,25,4107064,7903422,3796358,0.0031,9.958,3,9/6/2022,9/23/2022
407,15,553037806,407,21,13,2644165,5123914,2479749,0.0707,3.471,12,9/28/2022,9/17/2022
408,8,683235453,408,9,5,1607676,3154584,1546908,0.3074,7.888,3,9/16/2022,9/14/2022
409,14,548574452,409,41,1,2542462,4930678,2388216,0.6584,7.877,1,9/3/2022,9/12/2022
410,1,773848204,410,13,10,4147850,7980915,3833065,0.1837,5.474,12,9/8/2022,9/21/2022
411,17,305383704,411,7,19,2182240,4246256,2064016,0.4734,0.389,8,9/15/2022,9/10/2022
412,6,544584443,412,32,19,4185552,8052549,3866997,0.0411,3.145,14,9/3/2022,9/28/2022
413,13,844311580,413,42,13,1149074,2283241,1134167,0.6509,4.97,3,9/24/2022,9/3/2022
414,6,183227135,414,35,20,978838,1959792,980954,0.1686,7.399,1,9/29/2022,9/17/2022
415,8,584243827,415,14,3,3807635,7334507,3526872,0.5752,9.361,11,9/26/2022,9/5/2022
416,19,985288038,416,11,12,3416032,6590461,3174429,0.2035,8.589,7,9/29/2022,9/5/2022
417,20,160680144,417,26,5,2037847,3971909,1934062,0.1154,6.866,8,9/5/2022,9/29/2022
418,16,239773523,418,10,29,425373,908209,482836,0.0054,1.113,14,9/21/2022,9/17/2022
419,10,876984250,419,44,24,3264124,6301836,3037712,0.4009,1.575,13,9/21/2022,9/24/2022
420,6,577675677,420,4,29,269994,612989,342995,0.3438,0.72,11,9/8/2022,9/26/2022
421,8,579322218,421,24,27,1912980,3734662,1821682,0.1285,6.647,2,9/22/2022,9/11/2022
422,11,898560572,422,15,18,3985690,7672811,3687121,0.6213,3.716,4,9/19/2022,9/4/2022
423,2,934220545,423,36,13,169624,422286,252662,0.1321,6.646,4,9/25/2022,9/9/2022
424,14,438267757,424,19,6,816961,1652226,835265,0.0071,1.965,2,9/23/2022,9/13/2022
425,15,210776202,425,32,21,2889896,5590802,2700906,0.025,1.584,10,9/13/2022,9/14/2022
426,9,347034566,426,9,22,989754,1980533,990779,0.038,5.272,3,9/4/2022,9/13/2022
427,11,193500088,427,35,29,618183,1274548,656365,0.5295,9.829,3,9/14/2022,9/6/2022
428,15,398384629,428,45,6,508476,1066104,557628,0.4632,3.543,11,9/25/2022,9/22/2022
429,13,470406474,429,10,17,691596,1414032,722436,0.4687,8.69,13,9/7/2022,9/22/2022
430,19,915979632,430,40,24,2581093,5004077,2422984,0.777,2.419,1,9/6/2022,9/13/2022
431,9,747721863,431,35,29,4202613,8084965,3882352,0.4905,4.568,2,9/22/2022,9/14/2022
432,18,452473195,432,35,16,3219513,6217075,2997562,0.5888,0.852,1,9/20/2022,9/24/2022
433,18,508378827,433,27,3,2826395,5470151,2643756,0.1155,5.765,13,9/5/2022,9/12/2022
434,3,279671088,434,4,1,1120784,2229490,1108706,0.4359,2.439,14,9/16/2022,9/23/2022
435,14,138774234,435,34,5,3657727,7049681,3391954,0.4539,4.889,8,9/16/2022,9/5/2022
436,2,701750825,436,18,28,3754149,7232883,3478734,0.7858,4.001,12,9/29/2022,9/9/2022
437,14,862231058,437,44,21,1699821,3329660,1629839,0.0403,6.552,7,9/8/2022,9/15/2022
438,11,908548513,438,38,9,1354394,2673349,1318955,0.3371,7.71,5,9/9/2022,9/29/2022
439,13,711248658,439,45,19,217014,512327,295313,0.1454,1.975,13,9/14/2022,9/26/2022
440,15,832015797,440,20,16,4275617,8223672,3948055,0.2195,6.546,10,9/12/2022,9/16/2022
441,16,117035279,441,8,8,3937807,7581833,3644026,0.219,5.773,15,9/7/2022,9/28/2022
442,8,727031348,442,50,18,3565208,6873895,3308687,0.6584,6.393,2,9/20/2022,9/17/2022
443,2,850683455,443,29,19,887651,1786537,898886,0.6701,9.379,10,9/14/2022,9/14/2022
444,7,628038616,444,30,12,485692,1022815,537123,0.1155,5.436,1,9/6/2022,9/19/2022
445,10,961704143,445,11,11,1670196,3273372,1603176,0.1597,9.597,14,9/15/2022,9/18/2022
446,3,737288473,446,49,11,3887005,7485310,3598305,0.1272,9.263,10,9/6/2022,9/10/2022
447,14,899187023,447,41,27,2538456,4923066,2384610,0.2764,4.343,4,9/21/2022,9/11/2022
448,3,949516462,448,36,11,4082050,7855895,3773845,0.6302,1.487,12,9/25/2022,9/24/2022
449,19,540909054,449,43,24,861295,1736461,875166,0.096,3.565,5,9/20/2022,9/23/2022
450,4,429843816,450,19,1,2627491,5092233,2464742,0.7564,5.952,1,9/10/2022,9/29/2022
451,1,871489087,451,3,17,2654355,5143275,2488920,0.6243,6.033,1,9/4/2022,9/2/2022
452,5,165202745,452,36,5,1775266,3473005,1697739,0.1404,1.424,9,9/16/2022,9/16/2022
453,19,624488496,453,12,18,3425705,6608840,3183135,0.2542,3.353,14,9/1/2022,9/26/2022
454,12,115549300,454,17,13,3457216,6668710,3211494,0.3808,6.479,15,9/8/2022,9/13/2022
455,20,282136661,455,26,14,2206842,4293000,2086158,0.7608,9.172,9,9/29/2022,9/21/2022
456,14,588858006,456,37,14,1818056,3554306,1736250,0.1404,7.376,12,9/23/2022,9/18/2022
457,4,403060930,457,8,12,2425378,4708218,2282840,0.6842,3.985,6,9/5/2022,9/24/2022
458,8,856244992,458,28,27,1104988,2199477,1094489,0.5115,8.367,6,9/28/2022,9/12/2022
459,19,477847959,459,1,17,2556571,4957485,2400914,0.784,8.831,4,9/11/2022,9/23/2022
460,15,147647267,460,46,26,2309814,4488647,2178833,0.3126,9.578,13,9/23/2022,9/6/2022
461,3,190311078,461,2,6,3252417,6279592,3027175,0.7824,8.403,8,9/6/2022,9/2/2022
462,5,722291622,462,11,25,3509633,6768303,3258670,0.4745,3.906,3,9/21/2022,9/18/2022
463,17,166534161,463,26,23,515032,1078561,563529,0.0783,5.914,5,9/26/2022,9/26/2022
464,20,178957091,464,7,7,1398319,2756806,1358487,0.237,8.762,11,9/19/2022,9/23/2022
465,2,772014521,465,23,20,1526369,3000101,1473732,0.6424,7.452,4,9/3/2022,9/25/2022
466,11,641634849,466,28,23,2462531,4778809,2316278,0.5863,4.262,12,9/5/2022,9/7/2022
467,7,913291853,467,21,17,4385701,8432832,4047131,0.3487,3.634,10,9/1/2022,9/9/2022
468,15,279277311,468,19,11,2856579,5527500,2670921,0.3733,2.031,14,9/3/2022,9/11/2022
469,10,319384710,469,10,6,1164323,2312214,1147891,0.1201,1.26,4,9/11/2022,9/26/2022
470,16,331276279,470,6,24,4171923,8026654,3854731,0.1679,3.051,12,9/18/2022,9/7/2022
471,9,476244479,471,34,29,708789,1446699,737910,0.3914,7.806,13,9/22/2022,9/27/2022
472,7,993314269,472,38,12,4027973,7753149,3725176,0.1722,0.116,7,9/15/2022,9/6/2022
473,3,869992609,473,50,30,450426,955809,505383,0.611,9.496,15,9/11/2022,9/9/2022
474,7,699746890,474,23,23,2587637,5016510,2428873,0.0352,7.272,7,9/6/2022,9/5/2022
475,12,868398419,475,37,23,2262237,4398250,2136013,0.2084,5.528,4,9/29/2022,9/25/2022
476,10,479309654,476,45,22,928198,1863576,935378,0.0466,4.954,12,9/14/2022,9/18/2022
477,12,276278161,477,38,6,693911,1418431,724520,0.0755,2.313,4,9/27/2022,9/6/2022
478,19,629723017,478,1,15,1508598,2966336,1457738,0.7965,9.427,4,9/20/2022,9/22/2022
479,14,959077491,479,20,15,1925633,3758703,1833070,0.7919,7.047,7,9/6/2022,9/9/2022
480,7,112958583,480,7,10,1195038,2370572,1175534,0.5253,1.566,1,9/4/2022,9/19/2022
481,12,267124173,481,12,21,777341,1576948,799607,0.4278,8.445,3,9/8/2022,9/21/2022
482,20,879302480,482,45,18,954673,1913879,959206,0.4184,2.255,5,9/19/2022,9/20/2022
483,16,453033213,483,43,14,4312110,8293009,3980899,0.5341,1.984,6,9/13/2022,9/24/2022
484,12,369754532,484,18,4,1389488,2740027,1350539,0.4529,6.426,6,9/29/2022,9/18/2022
485,14,353181135,485,47,9,430521,917990,487469,0.0678,9.482,12,9/3/2022,9/22/2022
486,12,354244730,486,15,4,3983285,7668242,3684957,0.4644,1.135,4,9/19/2022,9/13/2022
487,6,968704706,487,48,20,3404566,6568675,3164109,0.1819,5.918,11,9/27/2022,9/21/2022
488,4,817592867,488,21,26,3647261,7029796,3382535,0.6504,1.419,7,9/15/2022,9/6/2022
489,10,166612633,489,36,18,2172201,4227182,2054981,0.0666,4.09,3,9/20/2022,9/27/2022
490,20,823481302,490,9,16,726788,1480897,754109,0.2317,1.642,13,9/22/2022,9/28/2022
491,8,948856081,491,32,18,1073348,2139361,1066013,0.5298,8.832,9,9/9/2022,9/6/2022
492,9,328966079,492,15,8,740278,1506528,766250,0.6388,2.934,9,9/5/2022,9/11/2022
493,14,193069102,493,44,2,3468385,6689932,3221547,0.1895,0.331,1,9/28/2022,9/19/2022
494,4,795161857,494,6,23,4435250,8526975,4091725,0.0091,2.724,1,9/7/2022,9/1/2022
495,7,860011244,495,23,25,1851572,3617987,1766415,0.696,7.416,6,9/2/2022,9/9/2022
496,13,207164369,496,10,26,1300004,2570008,1270004,0.2852,0.486,4,9/6/2022,9/26/2022
497,5,797501048,497,25,25,1093276,2177224,1083948,0.6885,7.875,4,9/14/2022,9/8/2022
498,7,811595235,498,20,13,2456953,4768211,2311258,0.4171,6.99,15,9/13/2022,9/24/2022
499,18,113700360,499,36,24,1172223,2327224,1155001,0.5154,3.896,8,9/4/2022,9/23/2022
500,3,861010027,500,19,25,2102837,4095390,1992553,0.1014,1.821,12,9/27/2022,9/16/2022
501,9,165876934,501,10,13,2617001,5072302,2455301,0.746,8.627,6,9/18/2022,9/21/2022
502,15,625117462,502,24,23,2369216,4601510,2232294,0.0242,7.801,12,9/27/2022,9/22/2022
503,9,213032619,503,27,15,232812,542343,309531,0.1986,3.877,10,9/29/2022,9/26/2022
504,10,351491965,504,27,13,3539159,6824402,3285243,0.1583,6.996,14,9/6/2022,9/14/2022
505,18,211451706,505,35,20,2055189,4004859,1949670,0.4617,5.035,11,9/10/2022,9/5/2022
506,8,222602084,506,38,3,678596,1389332,710736,0.0207,6.111,12,9/18/2022,9/26/2022
507,19,161336941,507,11,12,889212,1789503,900291,0.7659,9.583,6,9/4/2022,9/27/2022
508,16,781087196,508,37,17,983275,1968223,984948,0.316,1.986,9,9/28/2022,9/11/2022
509,20,162920060,509,14,14,858159,1730502,872343,0.1547,3.117,12,9/3/2022,9/9/2022
510,4,731320833,510,13,11,2321003,4509906,2188903,0.0569,8.033,5,9/9/2022,9/26/2022
511,5,924822143,511,1,11,3358937,6481980,3123043,0.7769,0.04,7,9/10/2022,9/5/2022
512,12,578182487,512,23,17,134241,355058,220817,0.0234,7.177,2,9/2/2022,9/13/2022
513,15,683329787,513,11,20,3326375,6420113,3093738,0.2838,4.072,12,9/15/2022,9/8/2022
514,6,443183079,514,36,25,790966,1602835,811869,0.1712,0.618,11,9/3/2022,9/27/2022
515,9,680138026,515,25,14,3712300,7153370,3441070,0.6963,3.082,9,9/26/2022,9/13/2022
516,2,597640968,516,34,23,1415066,2788625,1373559,0.6878,5.787,13,9/15/2022,9/9/2022
517,1,599458447,517,29,25,1706128,3341643,1635515,0.0121,4.981,10,9/7/2022,9/24/2022
518,3,592863000,518,42,15,2713952,5256509,2542557,0.3894,1.643,12,9/17/2022,9/24/2022
519,8,366052447,519,25,23,2354928,4574363,2219435,0.5636,4.776,9,9/29/2022,9/27/2022
520,20,414592294,520,46,3,3168603,6120346,2951743,0.4382,8.543,1,9/12/2022,9/15/2022
521,8,249411061,521,20,11,2680314,5192597,2512283,0.5735,3.193,12,9/16/2022,9/29/2022
522,20,139158940,522,46,4,3552812,6850343,3297531,0.1076,6.528,12,9/26/2022,9/10/2022
523,19,684392494,523,6,30,2328932,4524971,2196039,0.0751,9.064,7,9/18/2022,9/15/2022
524,14,891793221,524,19,15,242473,560699,318226,0.1036,7.977,10,9/19/2022,9/27/2022
525,17,978273952,525,13,19,1227757,2432738,1204981,0.6311,6.559,7,9/28/2022,9/10/2022
526,4,273178059,526,6,18,3741329,7208525,3467196,0.0543,0.826,9,9/1/2022,9/3/2022
527,8,331180397,527,7,24,3159786,6103593,2943807,0.0572,6.0,3,9/4/2022,9/3/2022
528,5,691045238,528,21,18,2636249,5108873,2472624,0.2783,8.651,2,9/13/2022,9/20/2022
529,4,373584035,529,35,6,607936,1255078,647142,0.2171,1.806,2,9/27/2022,9/15/2022
530,16,839062678,530,39,16,2586807,5014933,2428126,0.0767,2.571,8,9/23/2022,9/2/2022
531,15,320772925,531,50,16,653559,1341762,688203,0.0665,5.192,8,9/9/2022,9/22/2022
532,8,477725257,532,43,1,2511169,4871221,2360052,0.7494,4.448,14,9/18/2022,9/24/2022
533,18,237697904,533,44,26,624675,1286883,662208,0.3004,1.169,7,9/13/2022,9/26/2022
534,16,395069371,534,41,12,2956738,5717802,2761064,0.7102,8.058,14,9/28/2022,9/14/2022
535,3,557718436,535,24,16,1900664,3711262,1810598,0.6894,6.575,15,9/6/2022,9/14/2022
536,13,976621732,536,36,18,1430253,2817481,1387228,0.0967,6.416,6,9/21/2022,9/1/2022
537,12,897128661,537,49,11,3314906,6398321,3083415,0.0093,7.37,13,9/16/2022,9/7/2022
538,17,327056374,538,33,23,112970,314643,201673,0.0907,0.232,6,9/10/2022,9/24/2022
539,10,600453659,539,24,9,3101932,5993671,2891739,0.7335,5.637,8,9/27/2022,9/5/2022
540,6,940125578,540,48,7,1113103,2214896,1101793,0.1646,7.985,8,9/23/2022,9/7/2022
541,4,610050803,541,47,9,1493514,2937677,1444163,0.331,0.579,7,9/12/2022,9/27/2022
542,13,584625016,542,9,23,3943356,7592376,3649020,0.7747,3.105,11,9/22/2022,9/25/2022
543,19,958209099,543,31,22,2927568,5662379,2734811,0.1618,0.407,5,9/29/2022,9/9/2022
544,16,274043440,544,22,6,1933083,3772858,1839775,0.0993,3.168,4,9/10/2022,9/28/2022
545,5,376877014,545,18,4,4203401,8086462,3883061,0.5508,2.524,6,9/24/2022,9/7/2022
546,2,660297119,546,49,15,848632,1712401,863769,0.2343,4.854,9,9/3/2022,9/8/2022
547,14,518003369,547,41,11,1842206,3600191,1757985,0.4048,5.974,9,9/15/2022,9/7/2022
548,12,360574145,548,36,12,3179425,6140908,2961483,0.2356,4.553,14,9/7/2022,9/4/2022
549,1,280698680,549,40,13,4491378,8633618,4142240,0.1999,6.748,7,9/6/2022,9/28/2022
550,10,401078748,550,49,10,2598796,5037712,2438916,0.3008,3.65,8,9/23/2022,9/1/2022
551,6,168014950,551,20,25,294726,659979,365253,0.6699,2.677,15,9/11/2022,9/2/2022
552,7,974610547,552,6,4,1374348,2711261,1336913,0.7551,7.485,7,9/24/2022,9/19/2022
553,18,190975600,553,12,1,830457,1677868,847411,0.1913,1.885,11,9/3/2022,9/17/2022
554,9,504675293,554,45,25,1055394,2105249,1049855,0.1289,4.614,6,9/26/2022,9/2/2022
555,2,688895418,555,37,7,1993528,3887703,1894175,0.1415,5.75,5,9/26/2022,9/8/2022
556,7,615482374,556,27,20,2687218,5205714,2518496,0.0183,5.097,6,9/22/2022,9/6/2022
557,7,889848863,557,22,30,2216968,4312239,2095271,0.6926,7.427,8,9/23/2022,9/5/2022
558,6,264704834,558,29,4,2570605,4984150,2413545,0.5217,1.499,15,9/12/2022,9/20/2022
559,16,259497045,559,39,7,1172214,2327207,1154993,0.7882,6.73,13,9/7/2022,9/18/2022
560,8,625628008,560,15,21,4350456,8365866,4015410,0.1676,2.933,3,9/21/2022,9/20/2022
561,20,582362174,561,3,18,2106745,4102816,1996071,0.2586,0.278,7,9/24/2022,9/12/2022
562,4,480484588,562,38,16,1960444,3824844,1864400,0.5511,0.158,11,9/16/2022,9/12/2022
563,13,315480744,563,39,1,2543888,4933387,2389499,0.5772,1.292,7,9/5/2022,9/10/2022
564,7,551358763,564,2,12,194312,469193,274881,0.7055,8.987,1,9/7/2022,9/12/2022
565,11,791134445,565,27,26,1308849,2586813,1277964,0.162,4.245,2,9/24/2022,9/20/2022
566,20,906559699,566,41,28,3245564,6266572,3021008,0.0124,5.354,5,9/16/2022,9/18/2022
567,1,308181955,567,41,20,940234,1886445,946211,0.1649,7.151,15,9/15/2022,9/10/2022
568,11,647525856,568,36,8,131751,350327,218576,0.168,8.4,4,9/11/2022,9/6/2022
569,19,621153599,569,38,16,1400703,2761336,1360633,0.5382,3.314,6,9/21/2022,9/18/2022
570,5,542613149,570,41,18,3831205,7379290,3548085,0.7306,2.644,14,9/25/2022,9/3/2022
571,1,800549763,571,19,3,4045483,7786418,3740935,0.3095,0.331,12,9/18/2022,9/16/2022
572,10,676888733,572,39,14,1354736,2673998,1319262,0.7873,2.502,11,9/18/2022,9/8/2022
573,20,643601943,573,10,5,487394,1026049,538655,0.3893,1.025,10,9/27/2022,9/8/2022
574,4,825882573,574,37,23,3328553,6424251,3095698,0.1555,1.678,3,9/27/2022,9/23/2022
575,8,305167705,575,32,4,631549,1299943,668394,0.7824,7.57,4,9/1/2022,9/29/2022
576,6,509129825,576,48,13,284694,640919,356225,0.0741,5.302,13,9/24/2022,9/17/2022
577,14,902166272,577,49,4,1515209,2978897,1463688,0.0718,7.013,2,9/3/2022,9/24/2022
578,17,162478835,578,35,16,3578678,6899488,3320810,0.4663,1.453,1,9/1/2022,9/7/2022
579,15,494430088,579,26,21,1448285,2851742,1403457,0.6734,4.625,14,9/11/2022,9/2/2022
580,20,237443482,580,36,23,335822,738062,402240,0.7244,6.325,5,9/15/2022,9/18/2022
581,15,159572555,581,24,22,584156,1209896,625740,0.0393,6.342,5,9/16/2022,9/18/2022
582,3,101949669,582,43,26,4128437,7944030,3815593,0.2459,8.459,15,9/12/2022,9/11/2022
583,8,969781435,583,28,29,1658606,3251351,1592745,0.7811,0.68,13,9/25/2022,9/15/2022
584,15,481232356,584,2,3,2561057,4966008,2404951,0.4499,9.741,10,9/12/2022,9/25/2022
585,10,856930235,585,19,20,3830873,7378659,3547786,0.3484,5.823,9,9/11/2022,9/21/2022
586,4,760932668,586,1,17,2566430,4976217,2409787,0.0817,2.439,8,9/1/2022,9/27/2022
587,15,842764293,587,44,10,3558788,6861697,3302909,0.1507,2.04,13,9/1/2022,9/15/2022
588,3,943055269,588,37,24,658816,1351750,692934,0.0015,3.758,12,9/18/2022,9/15/2022
589,8,435021062,589,23,20,1905040,3719576,1814536,0.1377,9.468,9,9/9/2022,9/23/2022
590,14,515904715,590,32,3,2932381,5671524,2739143,0.1923,4.37,1,9/19/2022,9/9/2022
591,10,669328905,591,27,23,4062251,7818277,3756026,0.5517,8.12,4,9/10/2022,9/13/2022
592,15,807801337,592,32,12,322226,712229,390003,0.6244,6.893,9,9/2/2022,9/22/2022
593,14,291109572,593,23,17,341828,749473,407645,0.1028,1.507,11,9/19/2022,9/24/2022
594,12,959213660,594,36,11,4405541,8470528,4064987,0.4889,7.283,6,9/5/2022,9/22/2022
595,12,939942210,595,23,20,3857169,7428621,3571452,0.2288,1.338,5,9/20/2022,9/28/2022
596,6,970962450,596,33,29,1778367,3478897,1700530,0.0447,8.762,13,9/3/2022,9/11/2022
597,19,878712417,597,41,28,3901699,7513228,3611529,0.6691,5.497,10,9/16/2022,9/16/2022
598,1,821687681,598,43,29,3250679,6276290,3025611,0.0908,8.311,8,9/26/2022,9/7/2022
599,18,165240375,599,2,1,996671,1993675,997004,0.0632,5.561,5,9/16/2022,9/17/2022
600,16,458832039,600,46,7,3200617,6181172,2980555,0.0641,0.303,14,9/13/2022,9/29/2022
601,3,252452379,601,3,24,1769901,3462812,1692911,0.0883,2.271,14,9/21/2022,9/16/2022
602,2,690386428,602,3,25,3173983,6130568,2956585,0.7825,6.957,3,9/18/2022,9/5/2022
603,5,997146325,603,37,29,470491,993933,523442,0.537,8.912,7,9/13/2022,9/17/2022
604,12,122290924,604,22,13,352974,770651,417677,0.6093,4.448,2,9/28/2022,9/28/2022
605,2,905895390,605,38,16,3733983,7194568,3460585,0.1133,2.569,10,9/7/2022,9/20/2022
606,1,226130190,606,3,6,1783534,3488715,1705181,0.6025,4.228,6,9/3/2022,9/8/2022
607,9,419031426,607,48,15,2273096,4418882,2145786,0.1745,9.373,8,9/23/2022,9/14/2022
608,3,322611402,608,6,28,144812,375143,230331,0.1492,5.203,15,9/10/2022,9/14/2022
609,15,198837189,609,41,17,748910,1522929,774019,0.086,2.049,9,9/8/2022,9/12/2022
610,15,304301200,610,50,12,1427661,2812556,1384895,0.13,2.717,2,9/25/2022,9/4/2022
611,18,923688105,611,41,22,3497690,6745611,3247921,0.2313,8.669,7,9/3/2022,9/12/2022
612,12,118479076,612,6,23,2107164,4103612,1996448,0.1832,4.45,12,9/3/2022,9/22/2022
613,14,316895027,613,48,27,512815,1074349,561534,0.1941,1.625,10,9/13/2022,9/12/2022
614,16,353423758,614,40,25,4218543,8115232,3896689,0.137,0.352,2,9/25/2022,9/1/2022
615,2,559470921,615,34,10,3425133,6607753,3182620,0.5262,7.023,11,9/17/2022,9/1/2022
616,7,327100329,616,15,3,3612921,6964550,3351629,0.1967,8.629,4,9/12/2022,9/10/2022
617,9,554379780,617,41,9,2531779,4910380,2378601,0.7181,3.238,12,9/29/2022,9/29/2022
618,11,844055792,618,38,21,756065,1536524,780459,0.3942,4.379,4,9/22/2022,9/3/2022
619,12,705746237,619,22,10,834480,1685512,851032,0.742,0.129,4,9/22/2022,9/19/2022
620,4,956579560,620,42,17,1962936,3829578,1866642,0.7969,6.733,7,9/13/2022,9/18/2022
621,5,969660416,621,14,22,1791043,3502982,1711939,0.7585,8.04,1,9/3/2022,9/19/2022
622,10,246103571,622,16,6,3497994,6746189,3248195,0.0399,1.415,8,9/7/2022,9/19/2022
623,4,894319622,623,37,17,4056387,7807135,3750748,0.414,3.445,6,9/13/2022,9/7/2022
624,5,961479305,624,5,2,715865,1460144,744279,0.3736,5.414,3,9/10/2022,9/27/2022
625,17,745111355,625,33,12,2139566,4165175,2025609,0.1245,3.449,4,9/4/2022,9/22/2022
626,13,859613703,626,30,6,3769540,7262126,3492586,0.6916,4.015,14,9/21/2022,9/6/2022
627,5,134173736,627,20,9,2308341,4485848,2177507,0.207,5.252,13,9/26/2022,9/14/2022
628,6,375038421,628,41,23,1908331,3725829,1817498,0.4164,0.697,15,9/5/2022,9/29/2022
629,5,906402118,629,23,22,2029044,3955184,1926140,0.0381,8.343,14,9/25/2022,9/11/2022
630,13,780928258,630,48,20,1360314,2684597,1324283,0.0185,3.957,15,9/6/2022,9/8/2022
631,12,952512419,631,39,6,867587,1748415,880828,0.5497,2.153,8,9/27/2022,9/3/2022
632,14,552614519,632,28,2,1275292,2523055,1247763,0.2267,0.65,14,9/14/2022,9/25/2022
633,3,188561309,633,44,23,3223850,6225315,3001465,0.5774,1.013,2,9/12/2022,9/9/2022
634,6,587197937,634,8,19,560935,1165777,604842,0.5356,8.63,6,9/26/2022,9/19/2022
635,2,263027437,635,30,15,2482957,4817618,2334661,0.5573,8.566,3,9/22/2022,9/17/2022
636,5,313926867,636,28,19,1590130,3121247,1531117,0.254,9.244,11,9/26/2022,9/24/2022
637,8,347359082,637,32,9,3593209,6927097,3333888,0.3649,3.581,10,9/23/2022,9/26/2022
638,11,762863836,638,44,24,1698293,3326757,1628464,0.025,8.464,7,9/5/2022,9/25/2022
639,15,445118925,639,4,7,1163337,2310340,1147003,0.4115,8.697,1,9/8/2022,9/7/2022
640,7,575634274,640,25,28,4285196,8241872,3956676,0.5882,2.74,9,9/28/2022,9/5/2022
641,11,617294604,641,43,3,2691730,5214287,2522557,0.1435,4.165,15,9/18/2022,9/28/2022
642,17,133845614,642,1,25,274713,621955,347242,0.2789,0.764,7,9/18/2022,9/6/2022
643,10,703186403,643,42,10,3322738,6413202,3090464,0.154,7.627,10,9/3/2022,9/28/2022
644,11,269276158,644,2,14,1387313,2735895,1348582,0.3398,3.558,7,9/18/2022,9/29/2022
645,20,206710471,645,42,26,994064,1988722,994658,0.3667,6.21,4,9/13/2022,9/21/2022
646,20,496412614,646,29,5,1814709,3547947,1733238,0.2477,9.663,3,9/15/2022,9/10/2022
647,12,219658676,647,19,8,2820744,5459414,2638670,0.0637,6.492,3,9/27/2022,9/1/2022
648,6,657113965,648,2,12,2026083,3949558,1923475,0.1267,7.541,14,9/6/2022,9/28/2022
649,10,531779881,649,49,8,851438,1717732,866294,0.2253,4.564,6,9/27/2022,9/24/2022
650,20,128556829,650,10,19,1321195,2610271,1289076,0.3996,9.915,11,9/7/2022,9/3/2022
651,14,911910053,651,14,5,4353899,8372408,4018509,0.079,7.746,2,9/10/2022,9/22/2022
652,17,799889456,652,17,12,1176384,2335130,1158746,0.149,8.942,7,9/5/2022,9/23/2022
653,8,261091510,653,3,20,1226754,2430833,1204079,0.7594,1.156,3,9/2/2022,9/7/2022
654,13,786979912,654,8,28,3444601,6644742,3200141,0.0382,4.176,3,9/26/2022,9/11/2022
655,8,388329297,655,34,28,3152353,6089471,2937118,0.1788,8.268,5,9/12/2022,9/28/2022
656,15,568440931,656,43,16,436427,929211,492784,0.3824,0.697,3,9/5/2022,9/7/2022
657,13,147077505,657,35,23,4326828,8320973,3994145,0.1006,7.645,1,9/10/2022,9/18/2022
658,3,582416496,658,10,14,4252791,8180303,3927512,0.1188,5.844,13,9/12/2022,9/17/2022
659,6,680557934,659,37,6,3762231,7248239,3486008,0.4165,2.815,6,9/14/2022,9/24/2022
660,12,627081858,660,41,20,2943349,5692363,2749014,0.1303,8.076,6,9/14/2022,9/2/2022
661,1,420499437,661,22,30,3071276,5935424,2864148,0.6699,2.596,2,9/22/2022,9/19/2022
662,13,664357026,662,12,2,4355758,8375940,4020182,0.2537,8.586,6,9/27/2022,9/4/2022
663,18,501539707,663,32,13,1269427,2511911,1242484,0.3406,2.236,15,9/9/2022,9/28/2022
664,19,553868846,664,43,9,2213816,4306250,2092434,0.0913,4.486,8,9/10/2022,9/27/2022
665,9,359417907,665,37,17,142279,370330,228051,0.5114,9.627,15,9/16/2022,9/4/2022
666,1,133427025,666,16,6,1240734,2457395,1216661,0.5861,8.589,2,9/1/2022,9/24/2022
667,1,392929549,667,43,5,3506438,6762232,3255794,0.0082,4.722,10,9/18/2022,9/8/2022
668,15,628214727,668,30,6,3591942,6924690,3332748,0.0168,6.148,4,9/11/2022,9/21/2022
669,5,795325775,669,15,28,4004494,7708539,3704045,0.5552,1.584,10,9/24/2022,9/9/2022
670,14,516883601,670,33,11,1919804,3747628,1827824,0.0922,8.102,6,9/16/2022,9/22/2022
671,2,200146103,671,36,8,229553,536151,306598,0.6597,5.872,10,9/4/2022,9/23/2022
672,4,634213000,672,6,10,4352102,8368994,4016892,0.3585,7.7,9,9/22/2022,9/20/2022
673,7,836847793,673,23,30,515481,1079414,563933,0.1128,9.588,15,9/18/2022,9/9/2022
674,20,260641508,674,43,30,3542358,6830480,3288122,0.0165,3.483,13,9/6/2022,9/26/2022
675,16,890676449,675,19,22,978082,1958356,980274,0.2812,5.629,8,9/21/2022,9/8/2022
676,14,816019597,676,27,10,2079761,4051546,1971785,0.0244,9.016,4,9/7/2022,9/5/2022
677,14,348666871,677,4,28,279147,630379,351232,0.2641,6.012,7,9/29/2022,9/19/2022
678,12,613578971,678,35,16,4197249,8074773,3877524,0.7665,4.878,14,9/16/2022,9/9/2022
679,9,919422078,679,6,2,1519188,2986457,1467269,0.7477,1.888,14,9/25/2022,9/17/2022
680,14,861109468,680,41,14,274344,621254,346910,0.0093,6.401,1,9/12/2022,9/24/2022
681,6,919860617,681,6,30,3572196,6887172,3314976,0.1325,3.885,5,9/2/2022,9/15/2022
682,13,732682099,682,8,23,273486,619623,346137,0.3972,4.878,1,9/22/2022,9/23/2022
683,8,240814046,683,5,4,1351954,2668713,1316759,0.0489,3.738,9,9/1/2022,9/20/2022
684,7,535174477,684,20,19,2648095,5131381,2483286,0.3615,9.74,14,9/8/2022,9/18/2022
685,3,661240063,685,3,27,1471630,2896097,1424467,0.1055,0.873,4,9/29/2022,9/10/2022
686,11,971117869,686,17,15,1608668,3156469,1547801,0.7143,2.672,13,9/11/2022,9/1/2022
687,11,985196411,687,31,25,228211,533601,305390,0.0076,8.081,8,9/12/2022,9/28/2022
688,13,461422107,688,48,29,1256319,2487006,1230687,0.071,2.413,3,9/10/2022,9/22/2022
689,3,150609977,689,50,27,4022186,7742153,3719967,0.6425,9.839,9,9/19/2022,9/8/2022
690,4,805956772,690,30,28,4362956,8389616,4026660,0.483,3.307,8,9/27/2022,9/2/2022
691,5,167313158,691,42,29,414987,888475,473488,0.5814,8.698,12,9/25/2022,9/27/2022
692,4,442250717,692,19,21,470433,993823,523390,0.5943,5.176,9,9/17/2022,9/9/2022
693,11,893062240,693,15,4,1752686,3430103,1677417,0.3234,9.418,5,9/13/2022,9/24/2022
694,18,779198654,694,22,23,720688,1469307,748619,0.0258,2.078,9,9/24/2022,9/24/2022
695,11,374533875,695,35,17,4254726,8183979,3929253,0.4716,7.483,8,9/10/2022,9/27/2022
696,10,737310935,696,31,22,4343944,8353494,4009550,0.1311,8.137,12,9/6/2022,9/28/2022
697,5,530892134,697,6,21,2007532,3914311,1906779,0.1151,3.464,8,9/16/2022,9/19/2022
698,12,722449743,698,36,21,4017523,7733294,3715771,0.0983,5.212,8,9/19/2022,9/15/2022
699,11,344674336,699,8,16,3223802,6225224,3001422,0.5894,3.583,8,9/18/2022,9/1/2022
700,1,430285577,700,12,27,198223,476624,278401,0.3868,1.677,11,9/12/2022,9/9/2022
701,20,733030493,701,5,7,3063874,5921361,2857487,0.2353,6.996,5,9/12/2022,9/18/2022
702,9,536358380,702,16,8,1858416,3630990,1772574,0.5006,2.18,6,9/9/2022,9/9/2022
703,7,305561998,703,42,4,1822869,3563451,1740582,0.1676,4.531,7,9/15/2022,9/1/2022
704,16,457970715,704,32,12,240950,557805,316855,0.411,5.715,5,9/12/2022,9/25/2022
705,20,903685612,705,8,11,1429122,2815332,1386210,0.5085,5.063,5,9/18/2022,9/18/2022
706,6,750054525,706,22,10,2180450,4242855,2062405,0.1938,0.562,15,9/2/2022,9/27/2022
707,19,450388669,707,35,12,3920419,7548796,3628377,0.0389,0.082,9,9/21/2022,9/16/2022
708,16,283869626,708,49,5,3809720,7338468,3528748,0.1154,2.573,10,9/2/2022,9/22/2022
709,19,305741919,709,44,8,3256877,6288066,3031189,0.6175,6.17,6,9/28/2022,9/7/2022
710,7,760195151,710,14,26,1608258,3155690,1547432,0.1854,4.181,5,9/7/2022,9/25/2022
711,20,651158138,711,46,3,768269,1559711,791442,0.1152,8.072,6,9/17/2022,9/24/2022
712,18,787106232,712,15,1,3205577,6190596,2985019,0.3396,8.807,9,9/10/2022,9/21/2022
713,18,428980366,713,42,2,610308,1259585,649277,0.134,1.907,12,9/15/2022,9/24/2022
714,10,905827627,714,48,13,2552971,4950645,2397674,0.1927,9.622,15,9/4/2022,9/9/2022
715,9,653988995,715,7,5,3780037,7282070,3502033,0.0132,3.394,4,9/16/2022,9/25/2022
716,5,590540870,716,47,15,1710929,3350765,1639836,0.2597,7.253,15,9/7/2022,9/25/2022
717,12,332406516,717,32,8,680935,1393777,712842,0.1507,2.567,11,9/10/2022,9/28/2022
718,14,504823111,718,27,4,4056226,7806829,3750603,0.6326,6.026,15,9/7/2022,9/11/2022
719,11,405512035,719,44,16,849100,1713290,864190,0.1104,1.707,1,9/17/2022,9/1/2022
720,2,593598264,720,10,10,2670225,5173428,2503203,0.3823,3.158,13,9/29/2022,9/5/2022
721,1,160710270,721,43,19,827729,1672685,844956,0.2162,0.684,5,9/14/2022,9/23/2022
722,5,915240918,722,3,26,4073681,7839994,3766313,0.7386,0.222,15,9/25/2022,9/16/2022
723,7,429772265,723,30,4,3619361,6976786,3357425,0.0648,0.43,11,9/1/2022,9/21/2022
724,15,121972409,724,25,4,4323864,8315342,3991478,0.7315,7.134,8,9/18/2022,9/15/2022
725,1,616097241,725,46,29,2918492,5645135,2726643,0.1434,6.173,15,9/9/2022,9/12/2022
726,16,209782218,726,13,19,1440701,2837332,1396631,0.0881,1.257,10,9/20/2022,9/15/2022
727,18,721440571,727,45,22,4197142,8074570,3877428,0.382,3.508,1,9/9/2022,9/21/2022
728,4,531827912,728,36,6,1684076,3299744,1615668,0.7033,9.791,8,9/9/2022,9/24/2022
729,17,372466769,729,15,21,172232,427241,255009,0.2752,4.897,10,9/10/2022,9/18/2022
730,7,558618274,730,38,17,200577,481096,280519,0.0701,8.835,12,9/21/2022,9/2/2022
731,9,479205438,731,30,27,4363775,8391173,4027398,0.4122,9.213,10,9/10/2022,9/7/2022
732,6,754928412,732,11,12,3518346,6784857,3266511,0.142,3.023,8,9/21/2022,9/21/2022
733,20,283746764,733,14,14,3513152,6774989,3261837,0.0522,4.472,2,9/12/2022,9/5/2022
734,9,680299756,734,1,10,1486806,2924931,1438125,0.191,0.022,6,9/14/2022,9/24/2022
735,3,760694010,735,8,7,1635276,3207024,1571748,0.0771,1.111,6,9/17/2022,9/21/2022
736,19,246623060,736,33,22,730654,1488243,757589,0.0893,4.79,5,9/9/2022,9/13/2022
737,3,657411375,737,40,6,2414405,4687370,2272965,0.2263,5.079,7,9/29/2022,9/3/2022
738,19,774637307,738,2,25,3404208,6567995,3163787,0.77,5.328,4,9/1/2022,9/2/2022
739,20,926590181,739,36,1,3313020,6394738,3081718,0.3686,5.603,3,9/22/2022,9/20/2022
740,2,598599169,740,11,25,1523636,2994908,1471272,0.5433,5.983,7,9/19/2022,9/29/2022
741,18,749081127,741,45,21,1758009,3440217,1682208,0.6766,7.925,13,9/21/2022,9/16/2022
742,14,595105872,742,2,1,1213681,2405994,1192313,0.2154,7.225,14,9/8/2022,9/6/2022
743,19,182104226,743,6,18,3735834,7198085,3462251,0.7407,0.887,9,9/21/2022,9/13/2022
744,11,280574772,744,2,15,454539,963624,509085,0.1419,4.932,3,9/15/2022,9/23/2022
745,17,379367035,745,40,13,4188953,8059011,3870058,0.3227,3.736,9,9/13/2022,9/19/2022
746,17,718212861,746,43,13,1739709,3405447,1665738,0.0186,2.498,10,9/21/2022,9/23/2022
747,13,314293920,747,50,1,1524473,2996499,1472026,0.5758,2.032,11,9/25/2022,9/8/2022
748,2,179269037,748,50,29,2482070,4815933,2333863,0.0023,0.124,14,9/5/2022,9/10/2022
749,16,841110917,749,34,20,3237444,6251144,3013700,0.06,9.883,12,9/26/2022,9/16/2022
750,14,986210134,750,19,15,1145819,2277056,1131237,0.1268,1.59,6,9/17/2022,9/18/2022
751,14,375294298,751,45,27,1035408,2067275,1031867,0.2946,9.739,2,9/28/2022,9/4/2022
752,11,807609810,752,23,30,4296828,8263973,3967145,0.2907,1.532,6,9/17/2022,9/4/2022
753,1,114992959,753,4,18,2627474,5092201,2464727,0.4254,5.895,8,9/8/2022,9/6/2022
754,4,633561591,754,16,14,3109230,6007537,2898307,0.6389,0.713,8,9/6/2022,9/13/2022
755,8,259063937,755,49,29,1767783,3458788,1691005,0.2248,8.525,8,9/15/2022,9/1/2022
756,12,943991791,756,4,19,751469,1527791,776322,0.1663,6.655,7,9/10/2022,9/29/2022
757,20,284416927,757,37,6,3086034,5963465,2877431,0.4798,0.295,1,9/12/2022,9/13/2022
758,4,219924076,758,23,7,3556254,6856883,3300629,0.139,3.368,1,9/7/2022,9/14/2022
759,12,111829994,759,50,15,1844445,3604446,1760001,0.0226,1.547,15,9/20/2022,9/6/2022
760,20,606622606,760,34,14,3814627,7347791,3533164,0.3719,4.877,5,9/4/2022,9/3/2022
761,15,259447977,761,12,16,2499165,4848414,2349249,0.0762,7.556,5,9/10/2022,9/9/2022
762,8,436594058,762,15,6,419250,896575,477325,0.7105,7.649,8,9/10/2022,9/2/2022
763,8,203844677,763,12,12,1243498,2462646,1219148,0.7589,1.441,7,9/16/2022,9/19/2022
764,7,253047689,764,4,23,2709255,5247585,2538330,0.0641,6.194,7,9/2/2022,9/24/2022
765,10,573968309,765,19,10,1476179,2904740,1428561,0.5988,0.518,11,9/8/2022,9/25/2022
766,11,171643036,766,9,13,1348430,2662017,1313587,0.0998,8.365,2,9/7/2022,9/25/2022
767,17,971235857,767,7,1,3067121,5927530,2860409,0.0079,5.421,3,9/29/2022,9/3/2022
768,11,179361249,768,23,11,3710837,7150590,3439753,0.1751,3.116,9,9/13/2022,9/13/2022
769,5,652675434,769,19,21,3494703,6739936,3245233,0.1259,2.528,14,9/16/2022,9/1/2022
770,16,595118380,770,38,19,2272954,4418613,2145659,0.0751,8.929,13,9/23/2022,9/22/2022
771,19,318214875,771,34,23,4029563,7756170,3726607,0.2834,0.695,8,9/22/2022,9/15/2022
772,12,779509125,772,50,12,3431376,6619614,3188238,0.2675,5.395,12,9/1/2022,9/12/2022
773,8,541483684,773,8,8,1276133,2524653,1248520,0.064,0.634,6,9/20/2022,9/26/2022
774,7,351511952,774,13,24,1241869,2459551,1217682,0.2109,8.373,7,9/21/2022,9/24/2022
775,17,917062391,775,25,23,3207714,6194657,2986943,0.1706,9.965,6,9/27/2022,9/3/2022
776,15,837866088,776,50,27,3813781,7346184,3532403,0.0112,5.133,12,9/23/2022,9/9/2022
777,4,134243937,777,26,7,1672900,3278510,1605610,0.0343,7.634,13,9/13/2022,9/16/2022
778,14,790495612,778,1,9,1487209,2925697,1438488,0.4452,9.069,3,9/17/2022,9/11/2022
779,20,633420711,779,48,13,968908,1940925,972017,0.2391,9.431,14,9/20/2022,9/12/2022
780,15,211905996,780,22,7,4465519,8584486,4118967,0.4187,2.152,7,9/6/2022,9/8/2022
781,20,954392416,781,17,18,1698662,3327458,1628796,0.4065,6.145,5,9/25/2022,9/4/2022
782,17,114475405,782,17,20,3165117,6113722,2948605,0.625,9.493,10,9/17/2022,9/22/2022
783,19,176330651,783,24,30,3421056,6600006,3178950,0.1263,3.274,5,9/23/2022,9/21/2022
784,3,628116615,784,14,10,2145664,4176762,2031098,0.0932,4.24,5,9/24/2022,9/5/2022
785,6,749581528,785,42,29,1268170,2509523,1241353,0.7888,0.753,9,9/15/2022,9/26/2022
786,20,397903908,786,20,29,2529863,4906740,2376877,0.57,0.033,13,9/29/2022,9/19/2022
787,4,317360535,787,16,2,1176980,2336262,1159282,0.0502,0.351,11,9/19/2022,9/21/2022
788,14,826884610,788,29,13,3680345,7092656,3412311,0.0429,6.565,12,9/3/2022,9/8/2022
789,13,969269677,789,1,28,2838157,5492498,2654341,0.2573,9.698,7,9/8/2022,9/11/2022
790,3,432923014,790,37,6,1540233,3026443,1486210,0.6422,7.304,9,9/25/2022,9/16/2022
791,16,914285146,791,5,7,4490303,8631576,4141273,0.4516,5.934,9,9/2/2022,9/26/2022
792,20,160894580,792,31,28,2411407,4681673,2270266,0.1845,0.965,15,9/17/2022,9/21/2022
793,18,940434532,793,43,12,196192,472765,276573,0.5362,0.316,3,9/7/2022,9/24/2022
794,6,882478155,794,17,22,793725,1608078,814353,0.2322,2.935,8,9/19/2022,9/9/2022
795,5,912065980,795,10,26,518015,1084229,566214,0.5202,2.713,8,9/2/2022,9/10/2022
796,5,289304617,796,23,28,3058596,5911332,2852736,0.0549,7.259,5,9/4/2022,9/17/2022
797,10,405368220,797,44,10,233286,543243,309957,0.1691,7.484,8,9/4/2022,9/16/2022
798,6,223484474,798,43,29,3038632,5873401,2834769,0.0007,3.532,14,9/2/2022,9/26/2022
799,20,449354738,799,14,3,4408603,8476346,4067743,0.7914,7.007,12,9/7/2022,9/13/2022
800,4,176554027,800,15,6,1972994,3848689,1875695,0.1636,1.424,8,9/10/2022,9/10/2022
801,10,343317635,801,20,8,945270,1896013,950743,0.5839,8.647,13,9/6/2022,9/20/2022
802,15,463828883,802,35,29,971416,1945690,974274,0.6309,7.606,13,9/8/2022,9/24/2022
803,20,360002583,803,32,7,202386,484533,282147,0.0941,3.062,3,9/9/2022,9/28/2022
804,7,992471904,804,39,6,1633443,3203542,1570099,0.2391,3.269,9,9/16/2022,9/25/2022
805,6,984487549,805,13,23,4100046,7890087,3790041,0.2969,3.804,12,9/9/2022,9/20/2022
806,1,194552357,806,25,23,2127535,4142317,2014782,0.169,4.109,9,9/25/2022,9/13/2022
807,12,375673642,807,34,30,2074761,4042046,1967285,0.0594,9.431,9,9/1/2022,9/19/2022
808,1,279353748,808,5,27,1084904,2161318,1076414,0.133,7.751,11,9/5/2022,9/28/2022
809,4,884773985,809,21,30,428057,913308,485251,0.4246,1.056,13,9/16/2022,9/14/2022
810,16,542454237,810,10,30,2880539,5573024,2692485,0.4841,6.854,9,9/23/2022,9/10/2022
811,11,911009818,811,16,9,872781,1758284,885503,0.1832,8.141,8,9/5/2022,9/10/2022
812,1,420370406,812,17,22,1778345,3478856,1700511,0.7565,7.314,5,9/16/2022,9/26/2022
813,14,621302098,813,13,27,2120192,4128365,2008173,0.7292,4.147,13,9/29/2022,9/28/2022
814,5,434749613,814,31,2,4252589,8179919,3927330,0.6405,2.148,13,9/2/2022,9/15/2022
815,13,590662959,815,7,17,100167,290317,190150,0.0122,1.378,15,9/25/2022,9/13/2022
816,15,146503264,816,14,11,2869824,5552666,2682842,0.6088,4.333,12,9/20/2022,9/23/2022
817,19,861456219,817,32,3,991453,1983761,992308,0.1661,1.152,8,9/17/2022,9/7/2022
818,4,156157962,818,28,24,1352823,2670364,1317541,0.7118,9.419,6,9/28/2022,9/12/2022
819,7,339583153,819,8,10,1894900,3700310,1805410,0.6992,5.962,2,9/6/2022,9/9/2022
820,9,929518385,820,12,13,2273918,4420444,2146526,0.7618,4.519,15,9/24/2022,9/27/2022
821,12,106351850,821,25,19,1124561,2236666,1112105,0.0067,5.1,5,9/3/2022,9/10/2022
822,15,866009721,822,44,26,1192145,2365076,1172931,0.3099,8.177,13,9/23/2022,9/29/2022
823,7,669157619,823,34,1,2724710,5276949,2552239,0.1018,9.413,7,9/10/2022,9/3/2022
824,8,321321246,824,12,2,3904204,7517988,3613784,0.7178,9.078,9,9/15/2022,9/2/2022
825,16,623029461,825,32,5,3296891,6364093,3067202,0.3735,8.364,12,9/11/2022,9/21/2022
826,11,773266180,826,6,19,1115890,2220191,1104301,0.0666,0.656,7,9/18/2022,9/28/2022
827,5,149724290,827,28,30,2374329,4611225,2236896,0.6637,6.886,7,9/10/2022,9/21/2022
828,9,249405436,828,36,24,1836615,3589569,1752954,0.2992,3.343,15,9/1/2022,9/15/2022
829,20,341463473,829,31,11,4457121,8568530,4111409,0.5164,3.123,3,9/4/2022,9/29/2022
830,2,419844837,830,24,3,2550183,4945348,2395165,0.4136,6.299,9,9/24/2022,9/8/2022
831,10,843320232,831,30,26,908703,1826536,917833,0.0482,2.229,11,9/10/2022,9/12/2022
832,20,304307067,832,39,17,4107391,7904043,3796652,0.1563,2.336,12,9/29/2022,9/18/2022
833,14,347413558,833,18,27,607525,1254298,646773,0.1516,9.348,4,9/1/2022,9/9/2022
834,15,545023992,834,15,13,2474942,4802390,2327448,0.1124,7.9,6,9/22/2022,9/14/2022
835,1,879522680,835,30,16,4134448,7955451,3821003,0.1649,6.274,14,9/3/2022,9/10/2022
836,16,853549720,836,38,30,880364,1772692,892328,0.0655,2.649,1,9/26/2022,9/29/2022
837,20,483848113,837,32,22,117428,323113,205685,0.1301,3.311,11,9/14/2022,9/17/2022
838,16,953970072,838,47,5,2082393,4056547,1974154,0.6308,2.957,3,9/20/2022,9/29/2022
839,15,424474917,839,37,28,4434427,8525411,4090984,0.7512,4.573,5,9/13/2022,9/4/2022
840,8,239957738,840,48,29,3961728,7627283,3665555,0.3932,1.173,10,9/2/2022,9/9/2022
841,3,889231702,841,49,20,223725,525078,301353,0.6523,6.172,15,9/18/2022,9/4/2022
842,8,390121033,842,43,10,126472,340297,213825,0.3148,0.328,14,9/18/2022,9/1/2022
843,10,244652784,843,24,4,1517836,2983888,1466052,0.1843,0.062,13,9/16/2022,9/21/2022
844,9,737775694,844,3,17,2334811,4536141,2201330,0.6375,2.141,6,9/22/2022,9/15/2022
845,13,238178656,845,2,20,2654206,5142991,2488785,0.7002,6.703,10,9/11/2022,9/29/2022
846,6,854700999,846,21,20,1751182,3427246,1676064,0.0894,0.042,14,9/19/2022,9/1/2022
847,1,238798392,847,39,1,114087,316765,202678,0.1795,5.802,12,9/9/2022,9/11/2022
848,5,123819988,848,3,12,670164,1373312,703148,0.1074,2.649,8,9/9/2022,9/1/2022
849,16,263032789,849,27,17,677090,1386471,709381,0.5721,0.054,14,9/12/2022,9/18/2022
850,16,328797613,850,40,6,972624,1947986,975362,0.3764,9.869,10,9/29/2022,9/16/2022
851,19,756352509,851,1,19,1238973,2454049,1215076,0.3714,6.912,6,9/15/2022,9/26/2022
852,11,543436618,852,35,21,773612,1569863,796251,0.0961,0.322,3,9/8/2022,9/20/2022
853,5,761627668,853,27,21,3191766,6164355,2972589,0.2864,2.136,13,9/25/2022,9/5/2022
854,10,245454949,854,41,4,1207378,2394018,1186640,0.3539,0.878,2,9/28/2022,9/14/2022
855,9,627154229,855,19,30,1832382,3581526,1749144,0.6958,0.497,11,9/27/2022,9/18/2022
856,16,257584897,856,41,24,3731485,7189822,3458337,0.5789,3.373,11,9/27/2022,9/16/2022
857,1,206597664,857,33,3,603134,1245955,642821,0.1162,3.59,2,9/4/2022,9/11/2022
858,5,765783770,858,11,12,4424021,8505640,4081619,0.0081,2.09,14,9/7/2022,9/23/2022
859,12,184019775,859,24,25,3520541,6789028,3268487,0.6969,7.378,9,9/11/2022,9/16/2022
860,13,832966274,860,47,15,4129067,7945227,3816160,0.022,8.044,10,9/22/2022,9/7/2022
861,5,836706353,861,15,23,1591602,3124044,1532442,0.4893,9.567,9,9/3/2022,9/3/2022
862,11,835897075,862,6,5,2577631,4997499,2419868,0.3704,1.419,6,9/18/2022,9/17/2022
863,3,927077897,863,30,22,646001,1327402,681401,0.1002,7.106,1,9/26/2022,9/2/2022
864,10,725174385,864,18,24,2533909,4914427,2380518,0.3694,2.16,4,9/24/2022,9/11/2022
865,7,891133740,865,11,6,2723038,5273772,2550734,0.7009,6.637,12,9/5/2022,9/10/2022
866,14,239608194,866,21,12,2706656,5242646,2535990,0.1202,5.404,4,9/14/2022,9/23/2022
867,7,403452092,867,41,4,1270298,2513566,1243268,0.0939,0.05,9,9/22/2022,9/16/2022
868,5,210440950,868,32,4,1593752,3128129,1534377,0.5415,4.558,13,9/5/2022,9/21/2022
869,7,216655571,869,8,26,1688333,3307833,1619500,0.0631,3.88,13,9/13/2022,9/9/2022
870,18,422365972,870,8,12,1741633,3409103,1667470,0.4227,7.741,8,9/6/2022,9/23/2022
871,10,893969119,871,23,12,1926111,3759611,1833500,0.4839,4.106,1,9/15/2022,9/3/2022
872,15,250006783,872,38,2,3288138,6347462,3059324,0.4192,7.166,11,9/28/2022,9/2/2022
873,8,974503592,873,10,27,4005012,7709523,3704511,0.0571,6.196,10,9/28/2022,9/17/2022
874,7,162631548,874,44,29,573193,1189067,615874,0.0475,0.367,1,9/11/2022,9/2/2022
875,18,529283134,875,10,15,4085879,7863170,3777291,0.1745,3.437,3,9/13/2022,9/11/2022
876,5,199747694,876,28,25,3644784,7025090,3380306,0.6253,0.582,1,9/26/2022,9/28/2022
877,5,110831491,877,31,13,1770552,3464049,1693497,0.1805,0.647,15,9/28/2022,9/13/2022
878,11,261730688,878,16,10,4215540,8109526,3893986,0.0397,9.595,1,9/8/2022,9/15/2022
879,20,359996573,879,28,22,3696687,7123705,3427018,0.0764,0.656,7,9/25/2022,9/4/2022
880,8,960181539,880,15,22,4419088,8496267,4077179,0.1626,1.056,8,9/14/2022,9/25/2022
881,11,386340855,881,15,3,2430482,4717916,2287434,0.6921,2.034,13,9/13/2022,9/10/2022
882,10,411626472,882,50,11,2356577,4577496,2220919,0.1353,6.66,13,9/27/2022,9/28/2022
883,10,661388179,883,8,29,3181095,6144081,2962986,0.6522,1.401,5,9/14/2022,9/22/2022
884,3,158947797,884,10,13,1168732,2320591,1151859,0.154,8.015,15,9/14/2022,9/1/2022
885,2,379361083,885,30,24,146114,377617,231503,0.7404,8.738,13,9/28/2022,9/7/2022
886,11,288866211,886,14,4,4446015,8547429,4101414,0.1661,1.281,3,9/1/2022,9/6/2022
887,4,971983399,887,2,14,531329,1109525,578196,0.1585,9.838,13,9/28/2022,9/15/2022
888,13,208359845,888,23,6,2795673,5411779,2616106,0.5677,4.02,6,9/2/2022,9/8/2022
889,2,641990295,889,35,27,3359518,6483084,3123566,0.125,5.99,11,9/16/2022,9/13/2022
890,15,113575809,890,19,7,2236484,4349320,2112836,0.7992,0.837,8,9/15/2022,9/26/2022
891,17,644955855,891,11,20,760556,1545056,784500,0.6483,0.238,1,9/24/2022,9/6/2022
892,16,697667472,892,4,18,320939,709784,388845,0.1698,9.328,8,9/9/2022,9/5/2022
893,4,701574005,893,15,21,413723,886074,472351,0.7629,7.417,8,9/16/2022,9/13/2022
894,2,549148599,894,48,28,2382576,4626894,2244318,0.5,6.897,8,9/27/2022,9/7/2022
895,6,448917575,895,36,8,696206,1422791,726585,0.0742,2.386,3,9/5/2022,9/3/2022
896,20,757864275,896,25,30,646428,1328213,681785,0.1951,3.538,11,9/18/2022,9/20/2022
897,10,643167221,897,43,2,1429672,2816377,1386705,0.5222,1.201,9,9/13/2022,9/10/2022
898,10,487893721,898,23,27,1005922,2011252,1005330,0.7208,7.07,2,9/20/2022,9/19/2022
899,14,163241216,899,35,18,4335134,8336755,4001621,0.6038,1.989,9,9/16/2022,9/20/2022
900,19,284954369,900,32,30,3440161,6636306,3196145,0.1372,1.464,4,9/10/2022,9/12/2022
901,1,140522871,901,35,9,3651917,7038642,3386725,0.2552,6.27,3,9/9/2022,9/10/2022
902,10,556708201,902,23,9,4238195,8152571,3914376,0.0807,4.8,1,9/29/2022,9/29/2022
903,9,495118256,903,39,9,2903414,5616487,2713073,0.1599,8.323,14,9/5/2022,9/19/2022
904,7,519529668,904,8,27,1782033,3485863,1703830,0.127,1.895,15,9/2/2022,9/21/2022
905,11,402087054,905,10,16,2433557,4723758,2290201,0.0732,1.751,5,9/29/2022,9/1/2022
906,14,418003124,906,10,23,3905068,7519629,3614561,0.0949,6.634,12,9/16/2022,9/23/2022
907,18,494100166,907,8,16,4014520,7727588,3713068,0.7485,1.734,7,9/3/2022,9/7/2022
908,17,970444271,908,22,25,2776327,5375021,2598694,0.0633,2.558,2,9/20/2022,9/6/2022
909,5,784191538,909,6,14,3120465,6028884,2908419,0.6354,8.957,14,9/17/2022,9/13/2022
910,19,746600670,910,46,28,2975842,5754100,2778258,0.0621,1.581,2,9/20/2022,9/2/2022
911,19,291810586,911,1,4,3893508,7497665,3604157,0.084,7.969,9,9/9/2022,9/10/2022
912,10,621382969,912,18,10,2074008,4040615,1966607,0.1574,0.986,8,9/19/2022,9/1/2022
913,12,224634810,913,37,5,2278837,4429790,2150953,0.4382,1.267,3,9/9/2022,9/23/2022
914,18,823910445,914,28,24,3934363,7575290,3640927,0.5613,3.093,15,9/22/2022,9/13/2022
915,20,389850231,915,26,2,1934254,3775083,1840829,0.0227,3.512,1,9/18/2022,9/6/2022
916,12,180759084,916,14,2,482313,1016395,534082,0.5655,5.667,2,9/19/2022,9/27/2022
917,10,115526146,917,49,8,1461252,2876379,1415127,0.4453,8.76,10,9/15/2022,9/14/2022
918,19,778401985,918,19,1,843419,1702496,859077,0.3737,9.162,15,9/19/2022,9/21/2022
919,11,844988401,919,32,4,4238964,8154032,3915068,0.0504,2.045,10,9/13/2022,9/6/2022
920,14,561926061,920,41,12,548507,1142163,593656,0.2394,4.777,2,9/16/2022,9/22/2022
921,19,522056395,921,49,23,1900070,3710133,1810063,0.0994,4.149,2,9/3/2022,9/13/2022
922,16,104589168,922,34,2,3918432,7545021,3626589,0.0572,5.507,6,9/23/2022,9/27/2022
923,16,225955116,923,50,3,3432894,6622499,3189605,0.7063,9.896,12,9/23/2022,9/7/2022
924,19,553319618,924,8,3,2196109,4272607,2076498,0.4921,5.497,11,9/4/2022,9/27/2022
925,8,447564174,925,31,26,3943310,7592289,3648979,0.1773,4.311,12,9/5/2022,9/17/2022
926,18,325689467,926,9,16,4225984,8129370,3903386,0.2139,5.67,3,9/16/2022,9/23/2022
927,9,453546932,927,48,17,3197574,6175391,2977817,0.0209,3.009,6,9/10/2022,9/24/2022
928,8,141417555,928,1,3,2104868,4099249,1994381,0.5525,5.675,10,9/11/2022,9/15/2022
929,16,605143466,929,3,5,2600820,5041558,2440738,0.2547,1.512,9,9/29/2022,9/26/2022
930,7,832583655,930,43,19,4133511,7953671,3820160,0.0641,7.809,5,9/25/2022,9/5/2022
931,7,640353389,931,46,2,1115873,2220159,1104286,0.1545,6.229,8,9/14/2022,9/3/2022
932,15,167387119,932,28,25,1855327,3625121,1769794,0.7354,4.556,14,9/21/2022,9/21/2022
933,17,870223351,933,21,10,475870,1004153,528283,0.4805,2.976,2,9/28/2022,9/4/2022
934,12,452844849,934,4,2,938798,1883716,944918,0.0754,6.394,6,9/13/2022,9/21/2022
935,17,417221088,935,26,19,495924,1042256,546332,0.1956,3.466,4,9/18/2022,9/21/2022
936,5,217024665,936,20,7,4453619,8561876,4108257,0.0964,9.296,2,9/11/2022,9/17/2022
937,1,657729707,937,50,15,2484223,4820024,2335801,0.3653,2.88,13,9/5/2022,9/11/2022
938,8,632763045,938,27,22,2956455,5717265,2760810,0.1092,1.06,10,9/8/2022,9/15/2022
939,14,417741928,939,27,18,2333866,4534345,2200479,0.7812,5.651,6,9/26/2022,9/13/2022
940,13,684099060,940,26,24,3358709,6481547,3122838,0.3798,1.593,15,9/3/2022,9/21/2022
941,7,938295774,941,5,17,1261795,2497411,1235616,0.051,1.871,9,9/17/2022,9/26/2022
942,6,918834551,942,19,30,1654096,3242782,1588686,0.2097,1.026,11,9/28/2022,9/20/2022
943,5,643644798,943,30,11,4143146,7971977,3828831,0.5273,2.287,15,9/18/2022,9/28/2022
944,4,759191175,944,12,24,4003260,7706194,3702934,0.6186,3.034,1,9/3/2022,9/14/2022
945,17,481614575,945,48,3,2469934,4792875,2322941,0.3761,7.963,6,9/17/2022,9/27/2022
946,11,772563837,946,3,1,4478444,8609044,4130600,0.3572,9.311,6,9/8/2022,9/25/2022
947,11,923116493,947,25,17,3483096,6717882,3234786,0.0874,2.331,14,9/5/2022,9/28/2022
948,4,951372823,948,39,26,999646,1999327,999681,0.331,7.738,8,9/12/2022,9/7/2022
949,13,284594195,949,37,26,4003374,7706411,3703037,0.0351,0.303,8,9/19/2022,9/9/2022
950,9,687781434,950,36,18,1099927,2189861,1089934,0.2482,6.7,5,9/23/2022,9/4/2022
951,20,287471294,951,11,29,1108877,2206866,1097989,0.1942,1.416,13,9/4/2022,9/24/2022
952,1,620712461,952,4,18,551243,1147362,596119,0.4165,2.216,7,9/23/2022,9/18/2022
953,8,536127687,953,30,16,3803891,7327393,3523502,0.5518,3.453,14,9/13/2022,9/21/2022
954,9,425287965,954,39,20,4409184,8477450,4068266,0.6545,6.69,10,9/20/2022,9/6/2022
955,20,651560711,955,27,22,1346400,2658160,1311760,0.7794,3.213,3,9/9/2022,9/16/2022
956,1,145235074,956,2,6,2089234,4069545,1980311,0.6672,3.939,10,9/16/2022,9/10/2022
957,10,534880373,957,9,7,869378,1751818,882440,0.7071,6.237,1,9/15/2022,9/22/2022
958,5,837854557,958,20,21,3654124,7042836,3388712,0.6159,8.437,10,9/23/2022,9/15/2022
959,7,174799660,959,41,25,1984653,3870841,1886188,0.0825,8.412,3,9/22/2022,9/1/2022
960,12,534488456,960,37,4,4461028,8575953,4114925,0.0655,7.937,4,9/24/2022,9/18/2022
961,1,843979418,961,39,8,2826099,5469588,2643489,0.1009,8.995,13,9/26/2022,9/8/2022
962,15,434377194,962,18,20,1769829,3462675,1692846,0.2431,0.019,15,9/12/2022,9/22/2022
963,8,535817359,963,50,9,635940,1308286,672346,0.0972,6.064,1,9/12/2022,9/5/2022
964,20,555680529,964,34,10,238344,552854,314510,0.7278,0.843,11,9/17/2022,9/16/2022
965,6,952372295,965,16,19,1843829,3603275,1759446,0.0139,0.978,14,9/8/2022,9/16/2022
966,4,248920548,966,40,19,2647631,5130499,2482868,0.3682,6.579,14,9/23/2022,9/16/2022
967,10,454901647,967,39,17,395369,851201,455832,0.3261,4.424,4,9/9/2022,9/21/2022
968,7,567069284,968,28,24,1840714,3597357,1756643,0.7741,2.851,12,9/3/2022,9/19/2022
969,19,735936239,969,3,28,4053511,7801671,3748160,0.3058,5.269,7,9/25/2022,9/2/2022
970,4,747128126,970,41,17,811496,1641842,830346,0.3039,4.773,12,9/11/2022,9/16/2022
971,11,461003312,971,14,14,1884112,3679813,1795701,0.0678,4.085,4,9/23/2022,9/22/2022
972,2,955430753,972,17,18,970959,1944822,973863,0.6362,4.483,1,9/15/2022,9/3/2022
973,9,579554853,973,26,29,623145,1283976,660831,0.505,0.212,15,9/16/2022,9/6/2022
974,20,256987732,974,43,4,618776,1275674,656898,0.0611,3.148,5,9/28/2022,9/25/2022
975,9,702537956,975,44,26,2994667,5789867,2795200,0.6874,3.25,13,9/17/2022,9/25/2022
976,12,560487229,976,13,17,727349,1481963,754614,0.3754,0.616,7,9/8/2022,9/9/2022
977,16,430469058,977,8,4,931313,1869495,938182,0.1445,5.058,2,9/24/2022,9/25/2022
978,20,689917240,978,33,11,1471915,2896639,1424724,0.1265,7.176,7,9/11/2022,9/21/2022
979,14,856755107,979,31,7,2386167,4633717,2247550,0.0457,7.186,9,9/24/2022,9/3/2022
980,11,339871285,980,46,12,1464385,2882332,1417947,0.4876,7.831,14,9/25/2022,9/11/2022
981,18,608230739,981,16,1,3639550,7015145,3375595,0.263,9.701,12,9/18/2022,9/9/2022
982,7,636481271,982,16,16,3985940,7673286,3687346,0.0426,0.431,5,9/19/2022,9/1/2022
983,18,625209612,983,37,19,1584837,3111190,1526353,0.2613,2.449,2,9/12/2022,9/3/2022
984,14,545933511,984,1,29,3498705,6747540,3248835,0.1526,7.269,15,9/10/2022,9/2/2022
985,2,721043486,985,8,15,3724733,7176993,3452260,0.2409,3.394,13,9/4/2022,9/25/2022
986,11,350066787,986,29,3,2806656,5432646,2625990,0.6373,2.949,1,9/11/2022,9/6/2022
987,1,623114338,987,19,13,1964545,3832636,1868091,0.4811,8.298,8,9/11/2022,9/18/2022
988,12,501482793,988,48,15,4099286,7888643,3789357,0.635,4.733,7,9/13/2022,9/16/2022
989,10,607451847,989,30,3,2983882,5769376,2785494,0.0087,4.894,14,9/18/2022,9/16/2022
990,6,535233760,990,15,22,4173877,8030366,3856489,0.2189,6.676,1,9/7/2022,9/8/2022
991,11,506682623,991,13,13,1561202,3066284,1505082,0.5089,0.633,3,9/21/2022,9/6/2022
992,5,365303230,992,14,2,3242614,6260967,3018353,0.5321,6.105,2,9/6/2022,9/20/2022
993,4,899135526,993,46,1,3729842,7186700,3456858,0.7265,0.251,5,9/17/2022,9/5/2022
994,15,473358750,994,32,17,584899,1211308,626409,0.229,1.843,10,9/27/2022,9/2/2022
995,4,119414466,995,44,23,1725307,3378083,1652776,0.0684,9.762,5,9/3/2022,9/25/2022
996,11,391682486,996,25,18,2879434,5570925,2691491,0.5068,3.207,2,9/28/2022,9/28/2022
997,8,110555387,997,35,20,3806589,7332519,3525930,0.6897,6.747,7,9/17/2022,9/18/2022
998,4,514260902,998,19,10,1483736,2919098,1435362,0.0482,3.693,3,9/12/2022,9/21/2022
999,11,713530006,999,12,1,951702,1908234,956532,0.4589,0.528,2,9/2/2022,9/15/2022
1000,7,504498674,1000,2,6,1313067,2594827,1281760,0.1166,4.903,9,9/25/2022,9/28/2022
